Date,Close,High,Low,Open,Volume
2020-01-02,72.27155303955078,72.33170915039722,71.02993003048753,71.28258275873242,135480400
2020-01-03,71.56893920898438,72.32690487229227,71.34516019907684,71.50156464654093,146322800
2020-01-06,72.13919830322266,72.17769909168206,70.442799076604,70.69305052995288,118387200
2020-01-07,71.7999267578125,72.40388908002937,71.5809576466451,72.14882777323544,108872000
2020-01-08,72.95492553710938,73.25570609117467,71.50396043802937,71.50396043802937,132079200
2020-01-09,74.50454711914062,74.69704373534724,73.67920704582386,73.92945117823741,170108400
2020-01-10,74.67298126220703,75.23604892918155,74.17248564445511,74.73795456246773,140644800
2020-01-13,76.26831817626953,76.2947906823847,74.87029080894176,74.98820177445941,121532000
2020-01-14,75.23846435546875,76.415121645485,75.11575085804331,76.20577951248254,161954400
2020-01-15,74.91598510742188,75.9169832961004,74.48526545986336,75.03870587717718,121923600
2020-01-16,75.85443115234375,75.96512366006613,75.09646578451866,75.45740237331857,108829200
2020-01-17,76.69422149658203,76.69662274727602,75.7966897960532,76.10228015577917,137816400
2020-01-21,76.17448425292969,76.7640097522044,76.03732655340609,76.32367023769899,110843200
2020-01-22,76.44636535644531,76.99738987709428,76.35251832728817,76.65810863389025,101832400
2020-01-23,76.81452941894531,76.89393223945343,75.95308995960856,76.499312044199,104472000
2020-01-24,76.59314727783203,77.80107904499712,76.40305195787334,77.05995917143782,146537600
2020-01-27,74.34090423583984,75.01945939831474,73.3615612587431,74.60799376962629,161940000
2020-01-28,76.4439926147461,76.61483394161012,75.12055795784767,75.21921487710054,162234000
2020-01-29,78.04412841796875,78.8887225352215,77.33188214601793,78.07060092433913,216229200
2020-01-30,77.93104553222656,77.98398320909149,76.69904942694382,77.12976928219594,126743200
2020-01-31,74.47566986083984,77.64468949943712,74.18210776179268,77.22359674590982,199588400
2020-02-03,74.2711410522461,75.43335387455234,72.72151906032097,73.22201466798846,173788400
2020-02-04,76.7231216430664,76.91321705009432,75.46706148635768,75.8713088752744,136616400
2020-02-05,77.34870147705078,78.14516750077749,76.74714059246732,77.84678830859878,118826800
2020-02-06,78.25347900390625,78.25588759836752,77.06239232642683,77.61823424457238,105425600
2020-02-07,77.1897964477539,78.00262411427845,76.7001698716179,77.75419304088338,117684000
2020-02-10,77.55640411376953,77.55640411376953,75.69920332307832,75.7787945932457,109348800
2020-02-11,77.08848571777344,78.12321641331339,76.87141125259707,78.05086071182195,94323200
2020-02-12,78.91917419433594,78.92399545470602,77.53712126556233,77.53712126556233,113730400
2020-02-13,78.35719299316406,78.68280844052775,77.99057842647004,78.19318179443545,94747600
2020-02-14,78.37647247314453,78.62490351773702,77.86996050397198,78.32581612373606,80113600
2020-02-18,76.94133758544922,77.1222341471705,75.88248617770472,76.06338273942599,152531200
2020-02-19,78.05570220947266,78.28484092477528,77.18257550182095,77.18257550182095,93984000
2020-02-20,77.25492858886719,78.30413066097421,76.75083079308737,77.81691831957885,100566000
2020-02-21,75.50624084472656,77.29109325633112,74.89119532498566,76.84970141309908,129554000
2020-02-24,71.91968536376953,73.36685862415598,69.76098966678205,71.69778958583775,222195200
2020-02-25,69.48359680175781,72.96887474112613,69.0132699904686,72.58778908763885,230673600
2020-02-26,70.58586120605469,71.84731631381621,69.10251036153399,69.10974593206521,198054800
2020-02-27,65.97177124023438,68.98189285085091,65.83670238854329,67.80003671820369,320605600
2020-02-28,65.93318176269531,67.15122314774298,61.83527360386661,62.04994107800852,426510000
2020-03-02,72.07160949707031,72.70595468778731,66.98479850420505,68.08464913181372,341397200
2020-03-03,69.78269958496094,73.32344855796747,68.93368652238642,73.24385726370319,319475600
2020-03-04,73.01951599121094,73.17870588852956,70.70163100181635,71.4999874378904,219178400
2020-03-05,70.6509780883789,72.25009782118012,70.28677058471263,71.27808040208855,187572800
2020-03-06,69.71273040771484,70.14447238483373,67.83140857783133,68.01712645055636,226176800
2020-03-09,64.19900512695312,67.07405117029745,63.43441220501271,63.61530881776465,286744800
2020-03-10,68.82272338867188,69.08803991197644,64.9708309423438,66.8449246964159,285290000
2020-03-11,66.4324722290039,67.82899618098686,65.57140256073914,66.9052206904251,255598800
2020-03-12,59.87195587158203,65.12278275616039,59.81648193899176,61.731574731862445,418474000
2020-03-13,67.04509735107422,67.51543140756253,61.01038635778413,63.89026420635652,370732000
2020-03-16,58.41996383666992,62.488927074911565,57.88692016083435,58.35725065107087,322423600
2020-03-17,60.98868560791016,62.1343603897057,57.50099755431687,59.69828839419459,324056000
2020-03-18,59.49569320678711,60.298874658885616,57.19227545874743,57.83144573834236,300233600
2020-03-19,59.039817810058594,60.98385241166813,58.51642416195989,59.66933803755984,271857200
2020-03-20,55.29164505004883,60.74024926077328,54.99256137379153,59.61868823507124,401693200
2020-03-23,54.11703109741211,55.11316965220814,51.28057345030364,55.011867987706175,336752800
2020-03-24,59.54634094238281,59.74170869121859,56.512101379550025,57.00896347667582,287531200
2020-03-25,59.21831893920898,62.28873655883238,58.924060140998606,60.47977034705603,303602000
2020-03-26,62.334564208984375,62.392448772259634,59.42092219277503,59.45951435519265,252087200
2020-03-27,59.75376892089844,61.71468565033882,59.58734345256695,60.96215693824958,204216800
2020-03-30,61.459014892578125,61.63026528942081,60.15414656392464,60.47735127906783,167976400
2020-03-31,61.33360290527344,63.3114052959559,60.78126682215682,61.64957210604245,197002000
2020-04-01,58.106407165527344,59.99014337906341,57.67707948194542,59.45468908958912,176218400
2020-04-02,59.07600784301758,59.12907114366829,57.13920841031964,57.968921460111474,165934000
2020-04-03,58.22700119018555,59.26172817079223,57.63848363538416,58.56226275717802,129880000
2020-04-06,63.30657958984375,63.46094087352592,60.14933155714907,60.51594604650854,201820400
2020-04-07,62.57335662841797,65.53283058918733,62.46964431369385,65.31574871652275,202887200
2020-04-08,64.17487335205078,64.48842448399525,63.00748829000569,63.371688404036405,168895200
2020-04-09,64.63797760009766,65.13966834587349,63.84444973045493,64.80923169926753,161834800
2020-04-13,65.90666961669922,66.0152105347314,64.11699578858152,64.7151632715521,131022800
2020-04-14,69.23514556884766,69.52458303051418,67.06438668844999,67.53472072348299,194994800
2020-04-15,68.60324096679688,69.0615109892011,67.68670092198845,68.11361434863234,131154400
2020-04-16,69.1483383178711,69.51254587742164,68.10155073366812,69.3147638013278,157125200
2020-04-17,68.2100830078125,69.21105020012682,66.77738117936849,68.66594602627303,215250000
2020-04-20,66.79426574707031,67.93994433259655,66.77497334644413,67.04028985944329,130015200
2020-04-21,64.72962951660156,66.8714465476712,64.02051421953927,66.63748663863089,180991600
2020-04-22,66.59410095214844,67.02825005083645,65.65343966452112,65.99351895409393,116862400
2020-04-23,66.33599090576172,67.95682478512697,66.29739874664567,66.53859422059466,124814400
2020-04-24,68.2510986328125,68.26074851489837,66.81116104086111,66.85940309058712,126161200
2020-04-27,68.29932403564453,68.62976064968919,67.52267433285353,67.96888006089833,117087600
2020-04-28,67.19224548339844,68.94091302319053,67.10059736775176,68.76001638114307,112004800
2020-04-29,69.39918518066406,69.86710504839203,68.47299532638776,68.67559866694484,137280800
2020-04-30,70.86321258544922,71.03928789471824,69.54870194183862,69.93702304111527,183064000
2020-05-01,69.72236633300781,72.11743524186343,68.94571673597511,69.0421934380716,240616800
2020-05-04,70.70886993408203,70.83670324791197,69.05909368437592,69.74650229526233,133568000
2020-05-05,71.77013397216797,72.59984709930193,71.02242643355622,71.16714520888473,147751200
2020-05-06,72.51060485839844,73.14012158473827,72.0860984199546,72.4695983843977,142333600
2020-05-07,73.26071166992188,73.6056267954184,72.83379832640894,73.1352926720061,115215200
2020-05-08,75.00445556640625,75.05766251679151,73.59206160601275,73.9185584660756,133838400
2020-05-11,76.18468475341797,76.67805029133442,74.30551752010811,74.51351103092436,145946400
2020-05-12,75.31403350830078,77.31653856009508,75.19310927236965,76.86669656450387,162301200
2020-05-13,74.4046630859375,76.41200935037834,73.33085553739997,75.49298094886383,200622400
2020-05-14,74.86175537109375,74.92221747074527,72.92454733645849,73.6452582213304,158929200
2020-05-15,74.41917419433594,74.46512598393333,72.60531107010586,72.63917339112623,166348400
2020-05-18,76.1725845336914,76.54503320734271,75.05041158146969,75.73968112913077,135178400
2020-05-19,75.73238372802734,77.0335214428362,75.70094226666468,76.18947319836802,101729600
2020-05-20,77.20527648925781,77.2754072194724,76.54986193395195,76.58855856818843,111504800
2020-05-21,76.62967681884766,77.60674654641333,76.39266269950214,77.06742188839526,102688800
2020-05-22,77.12303924560547,77.20526681531915,76.26689384939174,76.3684660434856,81803200
2020-05-26,76.60063171386719,78.41690783107812,76.54500393549849,78.23794241116512,125522000
2020-05-27,76.93435668945312,77.07946714089873,75.72028091962734,76.45792263921577,112945200
2020-05-28,76.96823120117188,78.22342462723567,76.33458975600101,76.61029301491585,133560800
2020-05-29,76.89327239990234,77.66960361164463,76.53775499591495,77.21009317848531,153532400
2020-06-01,77.83891296386719,77.95983717000007,76.71673278825261,76.84733299745191,80791200
2020-06-02,78.1992416381836,78.22342794839169,77.13268956944977,77.57285532110987,87642800
2020-06-03,78.6297607421875,78.89096118094021,77.94774639510123,78.51851253045199,104491200
2020-06-04,77.95257568359375,78.75067242701921,77.58012709236915,78.45320362768672,87560400
2020-06-05,80.17273712158203,80.23319921594221,78.17265369717333,78.20167432156592,137250400
2020-06-08,80.64675903320312,80.68062134923207,79.16181381231353,79.87042779704282,95654400
2020-06-09,83.19342803955078,83.58522126328481,80.29608895604107,80.32753042867137,147712400
2020-06-10,85.33380126953125,85.80056697964382,83.70132432658929,84.13906940528344,166651600
2020-06-11,81.23687744140625,84.90330013235034,81.13530524486026,84.48006542527774,201662400
2020-06-12,81.938232421875,84.11486795424553,80.83057003176687,83.36997815286581,200146000
2020-06-15,82.95156860351562,83.60214129780755,80.4339262304824,80.59596788300412,138808800
2020-06-16,85.14997100830078,85.42084738289208,83.3699705447458,85.00002619954361,165428800
2020-06-17,85.0314712524414,85.95291299210936,84.9105470621372,85.89245089695726,114406400
2020-06-18,85.06532287597656,85.48130233356078,84.45828115515211,84.98792963255951,96820400
2020-06-19,84.5792236328125,86.2334658205362,83.47397466183713,85.76912102080368,264476000
2020-06-22,86.7921371459961,86.93482682128399,84.92506713782858,84.97101892587712,135445200
2020-06-23,88.64469909667969,90.05951379803278,87.61442248881565,88.03282290304573,212155600
2020-06-24,87.0799560546875,89.19129577084878,86.70750735912304,88.27468803942486,192623200
2020-06-25,88.23597717285156,88.27467380594872,86.47774180640029,87.23472854623947,137522400
2020-06-26,85.52487182617188,88.35208090527765,85.37734042810096,88.13199792168285,205256800
2020-06-29,87.49592590332031,87.5902503350082,84.95651735369147,85.43295906251363,130646000
2020-06-30,88.22631072998047,88.51169750741916,87.0654411337816,87.08478576211239,140223200
2020-07-01,88.05941009521484,88.84541733018017,88.01104484759307,88.30367932080465,110737200
2020-07-02,88.05941009521484,89.59756962987294,87.94574844202161,88.96392805520118,114041600
2020-07-06,90.41502380371094,90.8817894339713,89.45246453610925,89.48390600830983,118655600
2020-07-07,90.13446807861328,91.56862711706414,90.02321989687357,90.79229592909284,112424400
2020-07-08,92.23372650146484,92.26516797551552,91.02206361133544,91.10913287644716,117092000
2020-07-09,92.63035583496094,93.17692818708905,91.58556900054664,93.12372124513384,125642800
2020-07-10,92.7923812866211,92.85042991453264,91.61700174534108,92.22645698371296,90257200
2020-07-13,92.36431884765624,96.69582436714336,92.15149108508342,94.09353334761988,191649200
2020-07-14,93.89280700683594,94.08386192882044,90.8164950630273,91.74760549870196,170989200
2020-07-15,94.53853607177734,96.01139191075474,93.34380441075506,95.7622883592816,153198000
2020-07-16,93.37522888183594,94.22895326500016,92.77786316008924,93.413925503642,110577600
2020-07-17,93.18659973144533,93.97986213133798,92.71499243301174,93.82508300436297,92186800
2020-07-20,95.1504364013672,95.28829179282457,92.93026934363664,93.27369739909776,90318000
2020-07-21,93.83718872070312,96.01382454154418,93.58808513865422,95.93885212038768,103433200
2020-07-22,94.10077667236328,94.78036996748745,93.45262484466052,93.539686710788,89001600
2020-07-23,89.81765747070312,93.9121489972856,89.00988472288186,93.83475574009108,197004400
2020-07-24,89.59516143798828,89.93858943355201,86.23830426873995,88.02073328072413,185438800
2020-07-27,91.71858978271484,91.81049336055368,90.4319618348545,90.65445824165904,121214000
2020-07-28,90.21187591552734,91.46706972799262,90.20703422382545,91.29051773530752,103625600
2020-07-29,91.94107818603516,92.12488531095718,90.65686391836,90.69313969811392,90329200
2020-07-30,93.0535888671875,93.15758190350232,90.71007737841838,91.11638090213243,158130000
2020-07-31,102.79524230957033,102.94518713128302,97.53745326363412,99.5302890268665,374336800
2020-08-03,105.38543701171876,107.9973966979683,104.37451250261265,104.67198130172932,308151200
2020-08-04,106.08920288085938,107.177520504938,104.85335391870224,105.57406469122864,173071600
2020-08-05,106.47376251220705,106.7930041847868,105.34674803582897,105.8111002305475,121776800
2020-08-06,110.18854522705078,110.68191802624928,106.21739865938493,106.80508849601156,202428800
2020-08-07,107.68331909179688,110.16673452744944,106.88862644814542,109.7112386108564,198045600
2020-08-10,109.2484893798828,110.26366188327368,106.60516497027936,109.1249219362444,212403600
2020-08-11,105.99945068359376,109.01104473075696,105.74020453823464,108.51436454798494,187902400
2020-08-12,109.52228546142578,109.77910643524714,106.8934972053762,107.08732184428196,165598000
2020-08-13,111.46054077148438,112.46117673591527,110.41144495933912,110.89843907131024,210082000
2020-08-14,111.3612060546875,111.45085012066804,109.55618389407232,111.28609846459923,165565200
2020-08-17,111.07044219970705,112.50476918474725,110.4453516645563,112.48053926454652,119561600
2020-08-18,111.99600982666016,112.42000770053068,110.48899994491715,110.82335373705628,105633600
2020-08-19,112.13655090332033,113.546648707059,112.04206377713932,112.40306537731622,145538000
2020-08-20,114.624755859375,114.73862982784186,112.16072015613818,112.1776818393836,126907200
2020-08-21,120.5316925048828,121.01383628095503,115.56970341549896,115.58181468260123,338054800
2020-08-24,121.97325134277344,124.81040740037858,120.11250865643729,124.72559897540393,345937600
2020-08-25,120.97262573242188,121.31667291273054,119.25482982936344,120.84906568793242,211495600
2020-08-26,122.61773681640624,123.07323276693351,121.22217601375844,122.28580830184438,163022400
2020-08-27,121.15192413330078,123.55053882206776,120.0107589966192,123.21861029302173,155552400
2020-08-28,120.9556655883789,122.54020052783068,120.73276064666275,122.12347098857094,187630000
2020-08-31,125.05751037597656,126.95702659350236,122.11133855558242,123.64257775010908,225702700
2020-09-01,130.0388946533203,130.63977010693876,126.5015478229544,128.6627208391991,151948100
2020-09-02,127.3447036743164,133.72163230653712,123.0805031800758,133.34366914812884,200119000
2020-09-03,117.14938354492188,124.86372013453284,116.78111381462604,122.99329113592864,257599600
2020-09-04,117.2269058227539,119.88234128870778,107.46768860387866,116.36437378387907,332607200
2020-09-08,109.33811950683594,115.3176975867679,109.20244081478072,110.4332424909772,231366600
2020-09-09,113.69923400878906,115.46306431680152,111.7028127244271,113.64108811318516,176940500
2020-09-10,109.9874496459961,116.7811078668948,109.02800526992252,116.64542916296256,182274400
2020-09-11,108.54344177246094,111.67376035548035,106.60516602652416,111.03412581023233,180860300
2020-09-14,111.79974365234376,112.35215193447011,109.31875310720564,111.17949601605925,140150100
2020-09-15,111.97417449951172,115.16263852668574,110.10373838004288,114.67806966043923,184642000
2020-09-16,108.66941833496094,112.41998426492624,108.58219948246467,111.67375141580924,154679000
2020-09-17,106.9346694946289,108.73726653223142,105.35497742143326,106.3338087447182,178011000
2020-09-18,103.54267120361328,107.4579885079662,102.81581790836312,106.99280653960918,287104900
2020-09-21,106.68269348144533,106.78929923364105,99.91810821399544,101.31366904715068,195713800
2020-09-22,108.35929870605467,109.37689638794416,105.79108936459671,109.20245128230412,183055400
2020-09-23,103.81404876708984,108.65004455027304,103.47484460570544,108.17516907584384,150718700
2020-09-24,104.88011169433594,106.84746057911208,101.75948626582102,101.9242379452306,167743300
2020-09-25,108.8147964477539,108.96986205260444,104.3470703746047,105.08361720977464,149981400
2020-09-28,111.41207885742188,111.76096905147745,109.299358190723,111.46053870423744,137672400
2020-09-29,110.56892395019533,111.7512732053532,110.0649755662258,111.0147338283158,99382200
2020-09-30,112.23583984375,113.64109400987672,110.11343321080598,110.27818485285503,142675200
2020-10-01,113.18561553955078,114.0869140768239,112.25524404848424,114.0093812707512,116120400
2020-10-02,109.53195190429688,111.80943167027128,108.75664609356778,109.40596665096126,144712000
2020-10-05,112.90454864501952,113.04992078729782,110.04559522059488,110.3944854044891,106243800
2020-10-06,109.66764831542967,112.53629561221868,108.78572927732188,112.12925207481908,161498200
2020-10-07,111.5283660888672,111.98386198190468,110.60768085568208,111.08256364293982,96849000
2020-10-08,111.42179107666016,112.80765863820773,111.05351392426137,112.6622864672048,83477200
2020-10-09,113.3600616455078,113.38913459955496,111.37332598768504,111.72221622412157,100506900
2020-10-12,120.56073760986328,121.31666387202866,115.59874966676792,116.35467592893328,240226800
2020-10-13,117.36258697509766,121.5201890553274,115.957340112208,121.40388985664498,262330500
2020-10-14,117.44979858398438,119.2330083779194,115.92825271205344,117.2656600575047,150712000
2020-10-15,116.98463439941406,117.459509897586,114.50364375467132,115.0560520589753,112559200
2020-10-16,115.34679412841795,117.79871932248498,115.1432760487085,117.53704793861876,115393800
2020-10-19,112.40062713623048,116.70359477640076,112.09050327573227,116.25779218905562,120639300
2020-10-20,113.88337707519533,115.30801072573556,112.06139340503644,112.6138016170894,124423700
2020-10-21,113.2631607055664,115.0463710762212,112.85611712623331,113.06932866923252,89946000
2020-10-22,112.17769622802734,114.39702259575029,111.0534928722476,113.8252274699149,101988000
2020-10-23,111.48963928222656,112.95303977026502,110.7530923129313,112.79797413717702,82572600
2020-10-26,111.49930572509766,112.95301241046305,109.39627110087882,110.4914015359722,111850700
2020-10-27,113.00149536132812,113.66050953231095,111.00507334067566,111.92575153231296,92276800
2020-10-28,107.76812744140624,111.86758385649746,107.67121513386326,111.49931413026005,143937800
2020-10-29,111.76097869873048,113.32129125851726,108.73726588721904,108.90202494425338,146129200
2020-10-30,105.50035858154295,108.53375772487752,104.395541902172,107.63245912918693,190272600
2020-11-02,105.41311645507812,107.26417322328108,104.00786958662285,105.74262715568275,122866900
2020-11-03,107.03158569335938,108.04917599163862,105.3743608699318,106.27565935922766,107624400
2020-11-04,111.40240478515624,112.02265248381404,108.88264758511696,110.61740540896592,138235500
2020-11-05,115.35648345947266,115.92827866732904,113.26314943296056,114.30981274924888,126387100
2020-11-06,115.22541046142578,115.7205180962264,112.74013248938302,114.8662081910592,114457900
2020-11-09,112.9246063232422,118.42909663240218,112.66249091138816,116.98259196742552,154515300
2020-11-10,112.58480834960938,114.1575154107118,110.7985145508788,112.1770700305599,138023400
2020-11-11,116.00205993652344,116.13797271482636,113.0410945158488,113.76920185962484,112295000
2020-11-12,115.73023223876952,117.011700843839,115.10891457611103,116.1282678012146,103162300
2020-11-13,115.7787857055664,116.17681389575208,114.42936059587085,115.95353177622368,81581900
2020-11-16,116.78843688964844,117.45829070105812,114.70119407046307,115.44871445344523,91183000
2020-11-17,115.90497589111328,117.1476111906652,115.4875274007928,116.0603090069026,74271000
2020-11-18,114.58467864990234,116.32242906767756,114.55555554119124,115.1477501072869,76322100
2020-11-19,115.1768798828125,115.58461824175112,113.400296081691,114.15752657877456,74113000
2020-11-20,113.91482543945312,115.30308383579212,113.8662893904585,115.17688122037636,73604300
2020-11-23,110.52667236328124,114.18662873232044,110.42959288384216,113.75947013476096,127959300
2020-11-24,111.80817413330078,112.46832515996194,109.30348281979012,110.58495899509562,113874200
2020-11-25,112.64306640625,113.3420506876384,111.80816933755736,112.17708182311868,76499200
2020-11-27,113.1867218017578,114.060452186272,112.82752688184596,113.1673088628538,46691300
2020-11-30,115.57491302490234,117.43886611768262,113.40029367663416,113.55562680437812,169410200
2020-12-01,119.13778686523438,119.86589425816236,116.5068930409242,117.47770289816154,127728200
2020-12-02,119.48727416992188,119.76880990592802,117.36119829848748,118.45821072635326,89004200
2020-12-03,119.35134887695312,120.16682548333053,118.6426545252001,119.9144128832512,78967600
2020-12-04,118.6814956665039,119.27369022514604,117.97280126779268,119.02127760834182,78260400
2020-12-07,120.13771057128906,120.93377429658472,118.68149589769769,118.73974211450027,86712000
2020-12-08,120.74932098388672,121.33181279274314,119.49697544555106,120.73961821864586,82225500
2020-12-09,118.22521209716795,122.27348704305484,117.46798166489454,120.8949389531883,115089200
2020-12-10,119.6426010131836,120.25421594451468,116.6428022027754,116.98258416090866,81312200
2020-12-11,118.83683776855467,119.1766197360741,117.03113084780422,118.85625070668806,86939800
2020-12-14,118.22521209716795,119.7493831332465,117.99221982724325,119.0212758088773,79184500
2020-12-15,124.14715576171876,124.16657610565406,120.50661897640848,120.71048814758292,157243700
2020-12-16,124.07918548583984,124.62283654813264,122.8656733598718,123.69086753088224,98208600
2020-12-17,124.94322204589844,125.79753943581208,124.3024840034632,125.13738104904724,94359800
2020-12-18,122.96275329589844,125.33153120186168,122.43851519834806,125.1956184439808,192541500
2020-12-21,124.48694610595705,124.56461267355203,119.84647608918172,121.37064729644923,121251600
2020-12-22,128.03042602539062,130.48657411125797,125.86550908536934,127.76830318074434,168904800
2020-12-23,127.13726043701172,128.5643372428869,126.9625069666015,128.30222925734495,88223700
2020-12-24,128.11773681640625,129.56424837102043,127.27313725268434,127.48671653761738,54930100
2020-12-28,132.69998168945312,133.33100207588342,129.61279910731304,130.07879843395568,124486200
2020-12-29,130.93309020996094,134.73866218637744,130.41856229053343,134.02027253990548,121047300
2020-12-30,129.81666564941406,132.020407669835,129.50599945561927,131.6223721640527,96452100
2020-12-31,128.8167724609375,130.80693578751612,127.87508564026446,130.16619767612093,99116600
2021-01-04,125.63251495361328,129.70991364361626,123.05986719141744,129.62254430627095,143301900
2021-01-05,127.18579864501952,127.89450053196556,124.68110734552344,125.12768641382664,97664900
2021-01-06,122.90453338623048,127.22464193893974,122.69095402050525,123.99184315415356,155088000
2021-01-07,127.09839630126952,127.78767766361116,124.12772117277476,124.61312599281324,109578200
2021-01-08,128.19541931152344,128.75849069520498,126.42853860962131,128.56431691137144,105158200
2021-01-11,125.21502685546876,126.37029273075628,124.74904236248368,125.41890340367594,100384500
2021-01-12,125.04029846191406,125.90431854480056,123.1569251813032,124.74905257493836,91951100
2021-01-13,127.0692901611328,127.61294126201366,124.73935263924878,125.00146061142824,88636800
2021-01-14,125.1470947265625,127.17608365097324,125.00146436870398,126.98192465387714,90221800
2021-01-15,123.42874908447266,126.41884484513,123.29283631414192,125.02087645693894,111598500
2021-01-19,124.09862518310548,124.9529425933155,123.23460500719132,124.0500817278194,90757300
2021-01-20,128.17604064941406,128.62261975871334,124.79762606214696,124.90441575262822,104319500
2021-01-21,132.874755859375,135.5930267381697,129.69050034270776,129.8943769543058,120150900
2021-01-22,135.01052856445312,135.76775903778582,131.07874583699044,132.30196087543968,114459400
2021-01-25,138.74813842773438,140.8547939706266,132.55436700322258,138.89376878953092,157611700
2021-01-26,138.98117065429688,140.08789352147755,137.24341236503608,139.40832944748692,98390600
2021-01-27,137.9132537841797,140.0878733207545,136.31142335408737,139.24325862387312,140843800
2021-01-28,133.08827209472656,137.84524757903796,132.70965697857778,135.4473469056364,142621100
2021-01-29,128.10806274414062,132.7485322226158,126.40914566020652,131.86509178375854,177523800
2021-02-01,130.22442626953125,131.42823575703017,127.1081202867018,129.84581103922318,106239800
2021-02-02,131.0496368408203,132.33109823624255,130.68072432979122,131.7680267032869,83305400
2021-02-03,130.03028869628906,131.806872704572,129.70991963118382,131.79715512438477,89880900
2021-02-04,133.3795623779297,133.38926514344303,130.66129188255576,132.3213832150557,84183100
2021-02-05,132.96633911132812,133.60803459447885,132.09131060559002,133.53998407473009,75693800
2021-02-08,133.11216735839844,133.16078334273837,131.17736393158722,132.25657350766537,71297200
2021-02-09,132.23715209960938,134.05528941674183,132.0816016865625,132.83023162868662,76774200
2021-02-10,131.63436889648438,133.18999187171354,130.6718255115653,132.69412944515517,73046600
2021-02-11,131.38156127929688,132.6066041234454,130.05928645451803,132.13019115518452,64280000
2021-02-12,131.61489868164062,131.77046392162595,129.98150816834826,130.62320365664934,60145100
2021-02-16,129.495361328125,132.2371278628611,129.10644827799214,131.73156315096224,80576300
2021-02-17,127.2105484008789,128.5522725131688,125.87855638741324,127.6091787292428,97918500
2021-02-18,126.11190795898438,126.393856958418,123.87570598415512,125.61604564080127,96856700
2021-02-19,126.26747131347656,127.08418144033098,125.22716025236213,126.62721780066286,87668800
2021-02-22,122.50482177734376,126.1216319880877,122.11591609767342,124.45906002205308,103916400
2021-02-23,122.3686981201172,123.19511800076138,115.10591153263684,120.32695270389084,158273000
2021-02-24,121.87286376953124,122.07703760379697,118.8394154687154,121.4742407838962,111039900
2021-02-25,117.63380432128906,122.952070827566,117.19629003176654,121.22144819930789,148199500
2021-02-26,117.89631652832033,121.38672834698384,117.83797585116562,119.18941742406,164560400
2021-03-01,124.24515533447266,124.3812711947824,119.3838534155298,120.31722249383586,116307900
2021-03-02,121.64923095703124,125.14936711599788,121.5422817134225,124.84796874824156,102260900
2021-03-03,118.67412567138672,122.2228783212872,118.46022715397076,121.34784230356716,112966300
2021-03-04,116.79766082763672,120.17140622773192,115.32955269233916,118.37272563793532,178155000
2021-03-05,118.0518798828125,118.5574595470923,114.30867806869652,117.62409026429847,153766600
2021-03-08,113.13224029541016,117.6435287378886,112.986399726646,117.57547079483328,154376600
2021-03-09,117.73101806640624,118.6741119196786,115.49482341109125,115.72816384952438,129525800
2021-03-10,116.65180206298828,118.78104722203167,116.13649783770954,118.31436639995007,111943300
2021-03-11,118.57691192626952,119.79223777917623,117.89633241574592,119.14082490228073,103026500
2021-03-12,117.67269134521484,117.80880722667212,115.8545688924242,117.06016987865702,88105100
2021-03-15,120.5505828857422,120.56030756816384,117.07961303714332,118.04215631738552,92403800
2021-03-16,122.08676147460938,123.6909929248944,121.26034146014726,122.21315268038276,115227900
2021-03-17,121.29924774169922,122.36873303460752,118.94637119598836,120.6089435306606,111932600
2021-03-18,117.1865692138672,119.76306129363483,116.98239537750578,119.47138014582728,121229700
2021-03-19,116.66152954101562,118.06158696536843,116.36013117462356,116.57402966087284,185549500
2021-03-22,119.96721649169922,120.43390477213391,116.92404394954326,116.99210188442348,111912300
2021-03-23,119.14079284667967,120.79363259482145,118.75188719483504,119.90887946918927,95467100
2021-03-24,116.75878143310548,119.4908389864014,116.73933948333126,119.41305635178396,88530500
2021-03-25,117.24488067626952,118.28520644839448,115.69899016650164,116.22401168427892,98844700
2021-03-26,117.8477020263672,118.11021653249011,115.62122444554402,117.0115573482324,94071200
2021-03-29,118.022705078125,119.1796974818692,117.381016985914,118.275494892758,80819200
2021-03-30,116.57403564453124,117.06016589541106,115.56288383257017,116.7782094597697,85671900
2021-03-31,118.7616195678711,120.09361168317854,117.78935908416813,118.2754893260196,118323800
2021-04-01,119.5880355834961,120.73530321344649,119.09218067605552,120.22973104227312,75089100
2021-04-05,122.40760040283205,122.6603902138714,119.65610136330406,120.433912742921,88651200
2021-04-06,122.70899200439452,123.6034698490668,122.1645285194216,122.99094842847228,80171300
2021-04-07,124.35211944580078,124.37156139198876,121.66867838856396,122.33954050731288,83466700
2021-04-08,126.7438507080078,126.77301732956984,124.95489535313668,125.3729601525352,88844600
2021-04-09,129.3106689453125,129.34955284443396,125.87858997142516,126.199437772379,106686700
2021-04-12,127.59947967529295,129.16481975117756,127.00640014752256,128.84397199003766,91420000
2021-04-13,130.70101928710938,130.9246499647724,128.2703671557369,128.76622968527178,91266500
2021-04-14,128.36756896972656,131.2551842091699,128.0078372862974,131.19685094542675,87222800
2021-04-15,130.7690887451172,131.25521918654886,129.93294379243378,130.10795846582153,89347100
2021-04-16,130.43849182128906,130.93433940993674,129.5828977054859,130.57460771830137,84922400
2021-04-19,131.099609375,131.71213827061115,129.6412185458448,129.80650105955348,94264200
2021-04-20,129.41758728027344,131.77045575605666,128.15364574587304,131.27460827428777,94812300
2021-04-21,129.79676818847656,130.03983329744375,127.65779819666872,128.6883918850069,68847100
2021-04-22,128.28005981445312,130.42874732999832,127.7647629078915,129.3495375220918,84566500
2021-04-23,130.59405517578125,131.37185181275385,128.4939686507075,128.4939686507075,78657500
2021-04-26,130.98292541503906,131.31349039844014,129.85509976347652,131.08987465502372,66905100
2021-04-27,130.66207885742188,131.6537886519638,130.38984712331498,131.26487557787047,66015800
2021-04-28,129.8745574951172,131.27461496858584,129.38842725213598,130.5843034959248,107760100
2021-04-29,129.7773895263672,133.26781766765572,128.7759619187027,132.68445515412157,151101000
2021-04-30,127.81336212158205,129.8551001147441,127.43418114888644,128.12447774341382,109839500
2021-05-03,128.86341857910156,130.35099100560777,128.17312183322954,128.37728825955,75135100
2021-05-04,124.3035125732422,127.84254787757098,123.18541143255057,127.55086673903944,137564700
2021-05-05,124.54657745361328,126.83138075425876,124.4201788397563,125.6160551149203,84000900
2021-05-06,126.14110565185548,126.150822917844,123.60349727215356,124.342417464098,78128300
2021-05-07,126.8130874633789,127.835683170004,126.1021210069998,127.43639054602404,78973300
2021-05-10,123.54074096679688,126.16055930554576,123.50178359349738,126.03396084545096,88071200
2021-05-11,122.62525939941406,122.97586087179818,119.5671689854115,120.2781279910728,126142800
2021-05-12,119.56717681884766,121.3883949923918,119.06074583190636,120.18074615402476,112172300
2021-05-13,121.70977783203124,122.85899423262197,121.0183012377444,121.32995276517453,105861300
2021-05-14,124.12506103515624,124.55358462246828,122.56680357723656,122.9563697993059,81918000
2021-05-17,122.9758529663086,123.61863839013512,121.90455135695586,123.51150748616402,74244600
2021-05-18,121.59291076660156,123.67708183593513,121.52473722434704,123.2582993819835,63342900
2021-05-19,121.43708038330078,121.66107596519278,119.65481977612976,119.94699632595916,92612000
2021-05-20,123.98873901367188,124.3880465152884,121.83639430422342,121.96300762442338,76857100
2021-05-21,122.15778350830078,124.66073707262268,121.9435216775998,124.48543261389996,79295400
2021-05-24,123.78421783447266,124.60230780549196,122.65448374065257,122.72265728570756,63092900
2021-05-25,123.58941650390624,124.97237699199732,123.02454584189424,124.48541363170318,72009500
2021-05-26,123.54074096679688,124.06665436080144,123.12195849177618,123.64787188578072,56575900
2021-05-27,122.01168060302734,124.3101132618625,121.81690119683104,123.14142196396853,94625600
2021-05-28,121.35918426513672,122.5181420121491,121.30075191834936,122.29413896553176,71311100
2021-06-01,121.03778076171876,122.07986629236984,120.70665425214682,121.8169133247897,67637100
2021-06-02,121.79743194580078,121.97273640244448,120.81378617886122,121.03778177713107,59278900
2021-06-03,120.31708526611328,121.59290756486408,119.91777779316642,121.42734431379968,76229200
2021-06-04,122.60578155517578,122.86874195718396,120.61900017592296,120.83326200560104,75169300
2021-06-07,122.6155242919922,123.02456555539771,121.5734387321586,122.87847726693604,71057600
2021-06-08,123.43358612060548,125.1087231263275,122.91741402757393,123.29723905566723,74403800
2021-06-09,123.81342315673828,124.41725123885396,123.21933627459374,123.89133789579034,56877900
2021-06-10,122.8200225830078,124.8457609909566,122.654459353701,123.70627849251188,71186400
2021-06-11,124.02767944335938,124.11533537847384,122.81028956380078,123.22907197958328,53522400
2021-06-14,127.07601165771484,127.13444398991092,123.75497617492034,124.48541004880168,96906500
2021-06-15,126.2579345703125,127.19289650672997,126.0144566021608,126.5501111042377,62746300
2021-06-16,126.75464630126952,127.4753465620902,125.10874743356234,126.96890813933192,91815000
2021-06-17,128.3518829345703,129.09206572109522,126.26771141068338,126.413807157839,96721700
2021-06-18,127.05655670166016,128.0791523377771,126.842294888582,127.30003468372928,108953300
2021-06-21,128.84852600097656,128.95565688666113,125.83914229499234,126.90070252359432,79663300
2021-06-22,130.4847412109375,130.58213836687776,128.18630802151114,128.6830127117991,74783600
2021-06-23,130.2120361328125,130.815871699919,129.75429628741554,130.2802171084206,60214200
2021-06-24,129.92959594726562,131.12750347675475,129.46210751467535,130.94245782977737,68711000
2021-06-25,129.6374053955078,130.3970554405537,129.34522887186355,129.978280483212,70783700
2021-06-28,131.26385498046875,131.72159479819973,129.87116798746578,129.9296003283306,62111300
2021-06-29,132.77340698242188,132.9292364481491,130.84506564137368,131.28332301060522,64556100
2021-06-30,133.38705444335938,133.8253120696161,132.3254785886359,132.61765529304856,63261400
2021-07-01,133.68887329101562,133.74730561970333,132.21825700237508,133.0363541861458,52485800
2021-07-02,136.30873107910156,136.34768102067733,134.1563790042736,134.30245986108,78852600
2021-07-06,138.31494140625,139.4154515029588,136.4158165961912,136.4158165961912,108181800
2021-07-07,140.79844665527344,141.11009072715532,138.9382714107099,139.79530375392193,104911600
2021-07-08,139.50314331054688,140.3017433261173,137.00018264096806,137.88644602005195,105575500
2021-07-09,141.3243865966797,141.85029259632174,138.92855627210733,139.02595342720224,99890800
2021-07-12,140.7302703857422,142.5027971874123,140.24331443285035,142.39566628334748,76299700
2021-07-13,141.84056091308594,143.61308810901411,139.88300289690474,140.27256180158014,100827100
2021-07-14,145.2589569091797,145.66801299296932,143.8273051980656,144.23636128185524,127050800
2021-07-15,144.60646057128906,146.08681108461445,143.2527233830004,145.3466432583112,106820300
2021-07-16,142.57095336914062,145.85303150774294,142.07426368162248,144.5869580069263,93251400
2021-07-19,138.73374938964844,140.31149679803218,137.97409928442224,139.99983785193092,121434600
2021-07-20,142.33721923828125,143.26244743833868,139.23045273850917,139.717408691922,96350000
2021-07-21,141.6068115234375,142.31777804675525,140.85690991607032,141.73342485019364,74993500
2021-07-22,142.97024536132812,144.33371584309756,142.0060673959038,142.13268067660871,77338200
2021-07-23,144.68435668945312,144.84018616778306,143.0871416883638,143.7007109713398,71447400
2021-07-26,145.10316467285156,145.92124724515625,143.84680978043045,144.40194679352788,72434100
2021-07-27,142.94107055664062,145.31741825019225,141.7528967098648,145.22975487472473,104818600
2021-07-28,141.1977081298828,143.1357976807247,138.8213613047295,141.0321449311746,118931200
2021-07-29,141.84056091308594,142.72682451105,140.8082164410485,140.91534736894218,56699500
2021-07-30,142.05482482910156,142.51256472212955,140.35047859016916,140.61343902803458,70440600
2021-08-02,141.7236785888672,143.11636561756876,141.46071818751764,142.54176110337934,62880000
2021-08-03,143.51565551757812,144.17790846415585,141.39251988736964,142.006089128423,64786600
2021-08-04,143.11631774902344,143.9343999899092,142.46379870969463,143.4279766183396,56368300
2021-08-05,143.22349548339844,143.98314564998552,142.35671440302508,143.14558074057953,46397700
2021-08-06,142.54075622558594,143.48686754429556,142.04332223777357,142.74559073997008,54126800
2021-08-09,142.491943359375,143.08692025442784,141.9359896381178,142.59923476284288,48908700
2021-08-10,142.0140380859375,144.0720717018618,141.72142377939727,142.83334623786462,69023100
2021-08-11,142.26763916015625,143.10645895995768,141.94576488875748,142.45296206335397,48493500
2021-08-12,145.22300720214844,145.37907015513477,142.24812227389452,142.58950812317931,72282600
2021-08-13,145.42784118652344,145.75946379823836,144.6182813640554,145.30103817728678,59375000
2021-08-16,147.39810180664062,147.4663849394875,142.86263134674047,144.88164213986906,103296000
2021-08-17,146.49102783203125,147.9443216421731,145.41811337630122,146.5300361381551,92229700
2021-08-18,142.7553253173828,147.00794422226895,142.55049082276733,146.1106045300614,86326000
2021-08-19,143.0869140625,144.35489926234624,140.94110096897992,141.45804637705135,86960300
2021-08-20,144.54025268554688,144.84261535990314,143.16497579607238,143.80872432514332,60549600
2021-08-23,146.02281188964844,146.49098584387335,144.24762936861552,144.65728343893502,60131800
2021-08-24,145.93505859375,147.14452444194586,145.47663286242496,145.76924724797075,48606400
2021-08-25,144.70603942871094,146.61777310120064,144.15983406027962,146.12032437546637,58991300
2021-08-26,143.90625,145.44733817166107,143.87699005673284,144.6963131171606,48597200
2021-08-27,144.94015502929688,145.08645474475415,143.21374397198983,143.84772924961433,55802400
2021-08-30,149.34881591796875,149.70971334019745,144.9498976782118,145.33029180641267,90956700
2021-08-31,148.09060668945312,149.03671791602926,147.5638979226051,148.90016654739884,86453100
2021-09-01,148.75387573242188,151.163044100905,148.5880643927795,149.06600170091482,80313700
2021-09-02,149.8657684326172,150.90942268736845,148.64655451799135,150.08035127222993,71115500
2021-09-03,150.4998016357422,150.82167596581917,149.3195957587932,149.97309277453053,57808700
2021-09-07,152.8308563232422,153.38680995206192,150.58750045835436,151.15321732048974,82278300
2021-09-08,151.28982543945312,153.1722846868866,150.1876512353804,153.11376479693286,74420200
2021-09-09,150.27548217773438,152.26523333071404,150.15842748662723,151.66050781144324,57305700
2021-09-10,145.30108642578125,151.65074922176754,145.03773196644917,151.18257509194504,140893200
2021-09-13,145.8667755126953,147.69071501388157,145.08647552487224,146.92017826380882,102404300
2021-09-14,144.47195434570312,147.34931083330153,143.29176371635268,146.64704249063803,109296300
2021-09-15,145.35955810546875,145.75946384011283,142.76506733146184,144.9011324843855,83281300
2021-09-16,145.12548828125,145.3010628533167,143.59416308886955,144.78411725815147,68034100
2021-09-17,142.46270751953125,145.15474141357228,142.17009319848555,145.15474141357228,129868800
2021-09-20,139.4195556640625,141.27275491051466,137.79068761664803,140.2583754550107,123478900
2021-09-21,139.89749145507812,141.03868891632874,139.26350609481372,140.3851770808151,75834000
2021-09-22,142.2578887939453,142.82359096635926,140.16083188261564,140.89236024826914,76404300
2021-09-23,143.21376037597656,143.45760318499043,142.05306622379317,143.03818581433492,64838200
2021-09-24,143.30154418945312,143.83800136075783,141.97503867631073,142.07258175581498,53477900
2021-09-27,141.7897186279297,142.36519899589,140.27790504587242,141.88726170941032,74150700
2021-09-28,138.41490173339844,141.18495179250712,138.20031892345534,139.72189529724798,108972300
2021-09-29,139.31227111816406,140.89236770909372,138.53197117688373,138.9611368887371,74602000
2021-09-30,138.01498413085938,140.82405712165914,137.80040133945224,140.1217888739592,89056700
2021-10-01,139.13668823242188,139.40004260947205,135.68388091891475,138.40515987182454,94639600
2021-10-04,135.71315002441406,138.70754679310303,134.8645818313905,138.26861784072736,98322000
2021-10-05,137.6345977783203,138.73677173382114,135.92769858570284,136.0545015739937,80861100
2021-10-06,138.502685546875,138.6489852474294,134.96208396365105,136.03499804431914,83221100
2021-10-07,139.76092529296875,140.66802820004892,139.20497147758243,139.53659409609236,61732700
2021-10-08,139.3805694580078,140.62904368042933,139.04894674833042,140.482743921156,58773200
2021-10-11,139.292724609375,141.24346653207863,138.3173536480232,138.7660308387561,64452200
2021-10-12,138.02479553222656,139.7219470532615,137.56636980326286,139.7024354588627,73035900
2021-10-13,137.43954467773438,137.91746698955632,135.77165355544514,137.76141892529833,78762700
2021-10-14,140.21934509277344,140.3363997461316,138.024760100328,138.60998871817293,69907100
2021-10-15,141.27273559570312,141.33125547588753,139.97549034735292,140.22909633879294,67940300
2021-10-18,142.94065856933594,143.2235096811566,139.63415065247935,139.9170017643,85589200
2021-10-19,145.09620666503906,145.4961124077629,142.94064476173952,143.38930715549284,76378900
2021-10-20,145.5839080810547,146.0618453536086,144.4719854463032,145.03770255984122,58418800
2021-10-21,145.7984619140625,145.9545248556128,144.22811391179323,145.1449650896746,61421000
2021-10-22,145.0279541015625,146.48124774454206,144.97918256227808,146.00332535531382,58883400
2021-10-25,144.9791717529297,145.69118854784608,143.98428898104416,145.0181800516583,50720600
2021-10-26,145.64242553710938,147.12497895180522,145.34004798248478,145.6521738906202,60893400
2021-10-27,145.18399047851562,146.04230690415662,144.83285629616836,145.68142436893194,56094900
2021-10-28,148.81236267089844,149.39757634919977,146.0325493292803,146.1300923838208,100077900
2021-10-29,146.11061096191406,146.24716233667445,142.8041031388741,143.59415144162946,124953200
2021-11-01,145.29132080078125,146.01308606451772,144.15988647877995,145.32058075023082,74588300
2021-11-02,146.32518005371094,147.8370082711022,144.98891149464504,144.9986747309846,69122000
2021-11-03,147.75897216796875,148.22714612515688,146.1301042293714,146.68605801297326,54511500
2021-11-04,147.24200439453125,148.67578599123124,146.92987854832478,147.8467296178319,60394600
2021-11-05,147.7694854736328,148.66813471450217,146.57779487265975,148.36533077411934,65463900
2021-11-08,146.94900512695312,148.0527879681065,146.67550378830177,147.89649723038997,55020900
2021-11-09,147.31039428710938,147.9160021821263,146.57779832196186,146.71454897260128,56787900
2021-11-10,144.48744201660156,146.64616444006643,144.41907415140022,146.53871644786318,65187100
2021-11-11,144.4386444091797,145.96244193460964,144.25305100972494,145.50336208425588,41000000
2021-11-12,146.5093994140625,146.90987379593676,144.05763589771334,144.98558760939255,63804000
2021-11-15,146.5191650390625,148.3555433437228,145.96238505765794,146.8805742099881,59222800
2021-11-16,147.49600219726562,147.97463697406295,145.87451939068316,146.4606021824879,59256200
2021-11-17,149.92820739746094,151.40316186672771,147.48622091573952,147.49598349597346,88807000
2021-11-18,154.2065887451172,154.9880275581461,149.49844560723523,150.14313374583702,137827700
2021-11-19,156.82437133789062,157.28346597858675,152.89765298958213,153.9916581394781,117305600
2021-11-22,157.28346252441406,161.85485386154411,157.26392246010866,157.92813559947206,117467900
2021-11-23,157.6644287109375,158.04537802988585,155.36895531169498,157.3811499145866,96041900
2021-11-24,158.18214416503906,158.37750013405517,155.9355132595911,157.01975602804134,69463600
2021-11-26,153.17117309570312,156.72670517440085,152.7316184657377,155.8671359816053,76959800
2021-11-29,156.52159118652344,157.44954318891868,155.10522691977295,155.67176964553224,88748200
2021-11-30,161.46412658691406,161.67902255964896,156.20896764318036,156.277350409369,174048100
2021-12-01,160.94644165039062,166.3481143018466,160.7120055934647,163.59354652559932,152052500
2021-12-02,159.95986938476562,160.38966136948252,154.13818224096923,155.05637149837315,136739200
2021-12-03,158.08445739746094,161.13206712633752,156.0136573148525,160.2138776845153,118023100
2021-12-06,161.48370361328125,163.98429560873123,160.4678287996897,160.47759138079394,107497000
2021-12-07,167.2076873779297,167.59841414884357,164.43359437560147,165.15642772326544,120405400
2021-12-08,171.0172119140625,171.87679598965886,166.7388465074218,168.13567063026588,116998900
2021-12-09,170.50929260253906,172.64847553279014,169.8841445461616,170.85117673379307,108923700
2021-12-10,175.28579711914062,175.46162790674452,170.63625994665398,171.14419733842757,115402700
2021-12-13,171.66188049316406,177.90359710458122,171.4567470785072,176.9170250648393,153237000
2021-12-14,170.28460693359375,173.6154801461527,168.21380712036787,171.1832561903654,139380400
2021-12-15,175.1392822265625,175.33463817394934,168.31148231582245,171.0465102933484,131063300
2021-12-16,168.2626495361328,176.93659123544322,166.78769490587976,175.11975249855263,150185800
2021-12-17,167.16864013671875,169.44457351876034,165.75229083845704,165.98671202152144,195432700
2021-12-20,165.8109130859375,166.6216545378973,163.5740596088574,164.37502357405398,107499100
2021-12-21,168.97572326660156,169.18084181030284,165.1955175809284,167.57889907243998,91185900
2021-12-22,171.56419372558594,171.7790897184107,168.15517538914062,169.02452194022183,92135300
2021-12-23,172.18936157226562,172.74614168304623,171.2028043307869,171.76934702247985,68356600
2021-12-27,176.1453857421875,176.2332936859138,172.96104046356876,172.9805656257053,74919600
2021-12-28,175.12953186035156,177.1222015844957,174.38717318344425,175.97935346537145,79144300
2021-12-29,175.2174072265625,176.43840038673264,174.0061766459811,175.16856451921535,62348900
2021-12-30,174.06480407714844,176.3798175385403,173.95735606919604,175.30533745901636,59773000
2021-12-31,173.44943237304688,175.0709001571645,173.14661351296067,173.9573548573712,64062300
2022-01-03,177.78636169433594,178.63618304508262,173.58615726537937,173.7033678359508,104487900
2022-01-04,175.5299835205078,178.69480333397306,174.96344087400894,178.39199939810527,99310400
2022-01-05,170.86093139648438,175.9891036993743,170.58743006603996,175.44210103848545,94537600
2022-01-06,168.0086669921875,171.23209207239668,167.65702034880644,168.6924202141222,96904000
2022-01-07,168.1747283935547,170.09901499255682,167.06118311991872,168.8780217142409,86709100
2022-01-10,168.1942901611328,168.4970941484729,164.26757109809446,165.15645789652865,106765600
2022-01-11,171.0172119140625,171.1148824378415,166.85607200254188,168.32126400156088,76138300
2022-01-12,171.45677185058594,173.06847713761263,170.76325596284155,172.0330771442787,74805200
2022-01-13,168.1942901611328,172.52148374355693,167.80356331883507,171.7009797317892,84505800
2022-01-14,169.05386352539062,169.74737940608347,167.11979931497876,167.36399798657283,80440800
2022-01-18,165.85971069335938,168.5361181103695,165.478761430844,167.53002095796475,90956700
2022-01-19,162.37258911132812,167.11004966883394,162.08932518842298,166.0551095373263,94815000
2022-01-20,160.69247436523438,165.74250066133902,160.3701303584997,163.10515822088573,91420500
2022-01-21,158.64120483398438,162.4702376425932,158.5337568383858,160.604556493883,122848900
2022-01-24,157.8695831298828,158.53381139617989,151.11016437480347,156.30672027070835,162294600
2022-01-25,156.07223510742188,158.98307875093712,153.3762874615523,155.29079647095608,115798400
2022-01-26,155.98434448242188,160.57527648713483,154.15774320444362,159.70592982008216,108275300
2022-01-27,155.52525329589844,160.0380400395087,154.6070638933257,158.68029600296296,121954600
2022-01-28,166.37742614746094,166.39696621279427,159.02216399560837,161.86463986114418,179935700
2022-01-31,170.7241668701172,170.93906288440527,165.576454917367,166.21138037947398,115541600
2022-02-01,170.55812072753906,170.78277933201363,168.31148996868112,169.9720379540269,86213900
2022-02-02,171.7595672607422,171.79864739328102,169.30781806090394,170.69486467196293,84914300
2022-02-03,168.88778686523438,172.15029228212393,168.12588824034546,170.43112418107953,89418100
2022-02-04,168.6041717529297,170.27662529840396,166.93171820745542,167.90975737649003,82465400
2022-02-07,167.89016723632812,170.12986983202234,167.19575302575456,169.0638109740973,77251200
2022-02-08,170.99058532714844,171.49916986063508,167.66524328351184,167.95865801143464,74829200
2022-02-09,172.40872192382812,172.77059159545334,171.05902326407136,172.18377712176584,71285000
2022-02-10,168.34007263183594,171.62628436106874,167.78259814649985,170.31571564595043,90865900
2022-02-11,164.9365234375,169.27901969811438,164.34969397169522,168.545490327705,98670700
2022-02-14,165.17124938964844,165.85587378073802,162.90219149496014,163.69440078491326,86185500
2022-02-15,168.99539184570312,169.15188170406051,166.51117876998032,167.21536820889426,62527400
2022-02-16,168.76063537597656,169.5332796330186,166.31553783336227,168.07601104878276,61177400
2022-02-17,165.17124938964844,168.13470669398032,164.77024977354867,167.274027503072,69589300
2022-02-18,163.6259307861328,166.7947676550334,162.54030687860808,166.0905932914819,82772700
2022-02-22,160.71141052246094,163.02935867994262,158.58905229899906,161.35690506054718,91162800
2022-02-23,156.55474853515625,162.50121399005073,156.24176881453317,161.90460945584556,90009200
2022-02-24,159.1660919189453,159.27367681919955,148.66194638721413,149.22921086821898,141147500
2022-02-25,161.22979736328125,161.4938572501659,157.3371898954576,160.24196804076124,91974200
2022-02-28,161.49380493164062,161.78721963459702,158.86287747049465,159.47904685433394,95056600
2022-03-01,159.61599731445312,162.9413396082361,158.4130132555384,161.08305614073245,83474400
2022-03-02,162.90220642089844,163.68464076398826,159.37148431939156,160.77986315221446,79724800
2022-03-03,162.57943725585938,165.20058983386846,161.91437782369874,164.77025023720336,76678400
2022-03-04,159.5866241455078,161.9143617747294,158.54013016070306,160.87764280753723,83737200
2022-03-07,155.8016357421875,161.3960207362876,155.54733601828758,159.7724722055909,96418800
2022-03-08,153.9824676513672,159.30300237550088,152.37848423515257,155.33216629168248,131148300
2022-03-09,159.37149047851562,159.82139509337992,155.9092381504341,157.9337716080875,91454900
2022-03-10,155.03878784179688,156.86771648439594,152.5545597614365,156.68188663700346,105342000
2022-03-11,151.3319854736328,155.78206635482195,151.1070406596988,155.43974670100266,96970100
2022-03-14,147.31227111816406,150.7354085874783,146.80370143921206,148.12404550887342,108732100
2022-03-15,151.68409729003906,152.15356685525754,147.07754097449947,147.58611061794517,92964300
2022-03-16,156.08526611328125,156.48626575095446,151.06793536575267,153.60105321090987,102300200
2022-03-17,157.09266662597656,157.46432633327734,154.16833868809496,155.1268130175759,75615400
2022-03-18,160.3788604736328,160.86788006337628,156.25153394230247,156.98506332691767,123511700
2022-03-21,161.74813842773438,162.69683770871782,159.43017522147943,159.91919485399893,95811400
2022-03-22,165.112548828125,165.69936326568208,161.28841281006214,161.8752272476192,81532000
2022-03-23,166.47203063964844,168.84865833026834,163.9682381752626,164.30078278901993,98062700
2022-03-24,170.24729919433594,170.31575418142768,166.47206709718986,167.30339150441574,90131400
2022-03-25,170.8830108642578,171.43071043053845,168.95627243907444,170.06146151483682,80546200
2022-03-28,171.74368286132812,171.87081780430975,168.22273590773543,168.38900077447545,90371900
2022-03-29,175.02989196777344,175.0787819860724,172.46741925958432,172.8097389298353,100589400
2022-03-30,173.86602783203125,175.66561632731086,172.81951875433575,174.6288971925018,92633200
2022-03-31,170.775390625,174.1202822188197,170.56999586828974,173.93445242077016,103049300
2022-04-01,170.48199462890625,171.0394840841696,168.16404671715162,170.20814487239906,78751300
2022-04-04,174.52130126953125,174.5702062097959,170.60914482743888,170.7362946873885,76468400
2022-04-05,171.21551513671875,174.38436705774205,170.589570736433,173.6019328264619,73401800
2022-04-06,168.0564727783203,169.81694627331598,166.3938091700385,168.57483234577828,89058800
2022-04-07,168.35968017578125,169.5528892849942,166.11997680279987,167.40120586506256,77594700
2022-04-08,166.35470581054688,168.0075946635794,165.4842514050896,168.0075946635794,76575500
2022-04-11,162.10997009277344,165.31793693449984,161.8654603339608,165.00497220353915,72246700
2022-04-12,163.97804260253906,166.13950070260202,162.9804385205217,164.33013728303388,79265200
2022-04-13,166.6578826904297,167.28382721520924,163.10761035124472,163.71398991233582,70618900
2022-04-14,161.6600799560547,167.5087646523774,161.41557017548345,166.8730302686766,75329400
2022-04-18,161.44493103027344,162.94132974863555,159.977872292766,160.32017704396847,69023900
2022-04-19,163.72373962402344,164.13452917950872,160.31039271090148,161.3960167105301,67723800
2022-04-20,163.55747985839844,165.17125338034182,162.45230578739907,165.05387853639598,67929800
2022-04-21,162.76524353027344,167.7630232618858,162.2664490283051,165.2005659371102,87227800
2022-04-22,158.23692321777344,164.18340212764667,157.95329847424364,162.80437847987656,84882400
2022-04-25,159.3030242919922,159.58664908398902,154.98009296481885,157.5816658069576,96046400
2022-04-26,153.3565673828125,158.77489861463468,153.27832244686795,158.68687865808295,95623200
2022-04-27,153.13157653808594,156.28084845296394,151.96770771639416,152.48606720314393,88063200
2022-04-28,160.0463104248047,160.906989569117,155.43973990755873,155.75271956865106,130216800
2022-04-29,154.1878662109375,162.55010393809633,153.79665651995063,158.28585264208988,131747600
2022-05-02,154.49107360839844,154.7551334388098,149.9040675207667,153.2685246478865,123055300
2022-05-03,155.97767639160156,157.18067526746918,152.88708408047324,154.67688255687574,88966500
2022-05-04,162.37403869628906,162.82392827829534,155.7624855158091,156.163485086847,108256500
2022-05-05,153.3272247314453,160.47668960295778,151.5471860479713,160.2517447433381,130525300
2022-05-06,154.05203247070312,156.16770488216497,151.0156499387557,152.80809337522012,116124600
2022-05-09,148.93914794921875,152.63177739233632,148.38085428930862,151.75023984870148,131577900
2022-05-10,151.33885192871094,153.52309446613708,149.79127784510368,152.328132388233,115366700
2022-05-11,143.49327087402344,152.2595803376125,142.81742986905113,150.34960463592216,142689800
2022-05-12,139.6341094970703,143.19940187956024,135.95128476595931,139.83980605277625,182602000
2022-05-13,144.09072875976562,145.06041547307086,140.17282438448345,141.6224448185645,113990900
2022-05-16,142.552978515625,144.49235241019304,141.2208901087805,142.56278284412517,86643800
2022-05-17,146.17703247070312,146.69615365751025,143.66956086149628,145.80482673464496,78336300
2022-05-18,137.92982482910156,144.335591633693,137.02869370903522,143.8360642275501,109742900
2022-05-19,134.5310516357422,138.7525913397019,133.7964445425997,137.00912503429328,136095600
2022-05-20,134.76611328125,137.81228455615957,129.88832647827988,136.2353274341848,137426100
2022-05-23,140.17283630371094,140.31975175202894,134.82488980062982,134.96201586760006,117726300
2022-05-24,137.47926330566406,139.05622039365426,134.51145197634384,137.92002455292192,104132700
2022-05-25,137.63601684570312,138.87994101283223,135.5007506936718,135.58889997563415,92482700
2022-05-26,140.82908630371094,141.37759058232152,134.3253649583187,134.57023400738558,90601500
2022-05-27,146.5688018798828,146.60797434750936,142.27869181225157,142.4060284868712,90978500
2022-05-31,145.7852325439453,147.56788638378129,143.82628016379354,146.01052282850958,103718400
2022-06-01,145.65789794921875,148.62570934761555,144.649023812494,146.82346195823692,74286600
2022-06-02,148.1066131591797,148.16537934399943,143.84588541228797,144.79597858853165,72348100
2022-06-03,142.39627075195312,144.93311080828775,141.4951543400914,143.88506398253034,88570300
2022-06-06,143.14065551757812,145.5207905259265,141.9260996131152,144.01238876362018,71598400
2022-06-07,145.65789794921875,145.94193944320352,141.1425125135875,141.3873815394989,67808200
2022-06-08,144.92332458496094,146.79411301945456,144.43358641921046,145.5305951278923,53950200
2022-06-09,139.71249389648438,144.91351047437155,139.60475090946733,144.0613709060868,69473000
2022-06-10,134.31558227539062,137.87107088214006,134.24701176433422,137.40092646925825,91437900
2022-06-13,129.17332458496094,132.4251777606438,128.7423526705115,130.14299644685158,122207100
2022-06-14,130.03526306152344,131.14207601932122,128.7815346427886,130.3976794412042,84784300
2022-06-15,132.65045166015625,134.52125474775525,129.4475753177957,131.5338494146611,91533000
2022-06-16,127.39066314697266,129.6728443246095,126.39159330904648,129.36920911544067,108123900
2022-06-17,128.85989379882812,130.34870189215334,127.145810351483,127.40048374314352,134520300
2022-06-21,133.08143615722656,134.24701531100777,130.58378362269173,130.68172228241795,81000500
2022-06-22,132.5721435546875,134.93267044174033,131.16169507465415,132.02362418807766,73409200
2022-06-23,135.4321746826172,135.74559928638683,132.84635818263115,134.0119372202921,72433800
2022-06-24,138.75259399414062,138.99746302987265,136.90138468183136,137.0287064173905,89116800
2022-06-27,138.75259399414062,140.5450371291734,138.0767530642211,139.7712426067131,70207900
2022-06-28,134.6191864013672,140.47644880841756,134.50165406172098,139.212931320367,67083400
2022-06-29,136.37245178222656,137.78289974267364,133.8649953839291,134.63878986432783,66242400
2022-06-30,133.91400146484375,135.53013138802967,131.0245493574635,134.4331227102609,98964500
2022-07-01,136.07862854003906,136.1863715256026,132.87575195629162,133.24794276909347,71051600
2022-07-05,138.65463256835938,138.70360936186282,134.1196535002059,134.94242477245444,73353800
2022-07-06,139.98675537109375,141.16212397864905,138.1845225098008,138.44898530382812,74064300
2022-07-07,143.34634399414062,143.5422362397496,140.3393449670909,140.34913434840425,66253700
2022-07-08,144.0221710205078,144.5217134378149,142.02404618814074,142.27870461467543,64547800
2022-07-11,141.89669799804688,143.63037488194183,140.82907263468897,142.6802818681296,63141600
2022-07-12,142.86639404296875,145.40323372369386,142.07302074051665,142.76844044820817,77588800
2022-07-13,142.50401306152344,143.4443019452147,139.20316774910646,140.05532229787818,71185600
2022-07-14,145.4228515625,145.89299601499977,140.30998393649415,141.12295108192205,78140700
2022-07-15,147.08792114257812,147.7637620290884,145.15835206929646,146.70592606919652,76259900
2022-07-18,144.0515594482422,148.45920196700573,143.6891431225671,147.64623499784832,81420900
2022-07-19,147.90087890625,148.1261542059037,143.89482557447934,144.88409097349603,82982400
2022-07-20,149.89903259277344,150.56508418725386,147.28383290571463,148.01844006316782,64823400
2022-07-21,152.16163635253906,152.37712231601844,148.82161886422966,151.3290755894941,65086600
2022-07-22,150.92747497558594,153.07253011561605,150.2614383736218,152.20079694797485,66675400
2022-07-25,149.8108673095703,151.85796878260385,149.15462011252404,150.8491095898411,53623900
2022-07-26,148.4885711669922,149.9479808770686,147.70498735893062,149.1350139839463,55138700
2022-07-27,153.57203674316406,154.10096215711584,149.0370729884084,149.44845111836102,78620700
2022-07-28,154.12054443359375,154.40458587882554,151.24088279184247,153.758128174429,81378700
2022-07-29,159.17466735839844,160.27169083424704,156.22644946059978,157.93074338059327,101786900
2022-08-01,158.19520568847656,160.2325181068246,157.58793518866128,157.70546755749734,67829400
2022-08-02,156.72596740722656,159.07671904499605,156.35377664743476,156.81413161603723,59907000
2022-08-03,162.7203826904297,163.17093336402678,157.45079605540153,157.53894532472003,82507500
2022-08-04,162.40695190429688,163.7586338892835,161.05526991931026,162.6028441618955,55474100
2022-08-05,162.18136596679688,162.67178435198056,159.876393569881,160.08237587686597,56697000
2022-08-08,161.71054077148438,164.59420304327227,161.05338198319762,163.18179581085533,60276900
2022-08-09,161.7595977783203,162.64235984823435,160.12160217379457,160.87685067478762,63135500
2022-08-10,165.99681091308594,166.09488560468589,163.70164162721542,164.46669306704544,70170500
2022-08-11,165.2611846923828,167.71327649760102,164.9669306824805,166.8010905635419,57149200
2022-08-12,168.80203247070312,168.8706832695546,166.1537609304427,166.5657255890837,68039400
2022-08-15,169.87110900878906,170.06727335382837,168.0663730882192,168.2331135298216,54091700
2022-08-16,169.7141571044922,170.38113378052608,168.37041574061854,169.4689479524639,56377100
2022-08-17,171.20506286621094,172.77439273368478,169.26301023326062,169.45917459589717,79542000
2022-08-18,170.81268310546875,171.5483105348056,169.8024226331564,170.42035446304044,62290100
2022-08-19,168.23309326171875,170.41055165199725,168.02711099609633,169.7141510996703,70346300
2022-08-22,164.35879516601562,166.6049043800519,163.9370276482697,166.43816395511286,69026800
2022-08-23,164.02532958984375,165.47697879172844,163.45644246473458,163.87821006023856,54147100
2022-08-24,164.319580078125,164.88846719098774,163.06411023124903,164.11361274111158,53841500
2022-08-25,166.77163696289062,166.87952958176348,165.12383874706296,165.54559127859812,51218200
2022-08-26,160.48446655273438,167.77208967610682,160.42561875617696,167.3012923372698,78961000
2022-08-29,158.2873992919922,159.7782599974509,156.75729674532928,158.06179612101135,73314000
2022-08-30,155.86477661132812,159.4448248788866,154.69757844618866,159.02307224651202,77906200
2022-08-31,154.2071533203125,157.50276536238007,154.1286845852179,157.23793525223348,87991100
2022-09-01,154.93295288085938,155.38412932683354,151.70599214901193,153.6382414104045,74229900
2022-09-02,152.8241729736328,157.2869832188541,152.00027368828214,156.6886721974106,76957800
2022-09-06,151.56869506835938,154.07963464254792,150.7447958267751,153.4715206737186,73714800
2022-09-07,152.97128295898438,153.6676685648947,150.66631095885003,151.85312983190147,87449600
2022-09-08,151.50003051757812,153.36361410419434,149.75412756943635,151.6765739248584,84923800
2022-09-09,154.354248046875,154.79563648166842,151.7844609924952,152.49066452851048,68028800
2022-09-12,160.29811096191406,161.11220709833708,156.24726616785827,156.53170218353472,104956000
2022-09-13,150.8918914794922,157.46349338077283,150.43089710301155,156.8357585865151,122656600
2022-09-14,152.333740234375,154.08944624806267,150.66632089509483,151.82370097735972,87965400
2022-09-15,149.4500732421875,152.26508456095567,148.47905455230304,151.6863795720259,90481100
2022-09-16,147.8120880126953,148.44964084888636,145.52673670084437,148.31232430924803,162278800
2022-09-19,151.51966857910156,151.59813732109004,146.24277663621996,146.4487439883553,81474200
2022-09-20,153.8932647705078,155.05065980282333,150.14647654096677,150.4603364872082,107689800
2022-09-21,150.77420043945312,155.69800426701255,150.65650483896582,154.3248240736869,101696800
2022-09-22,149.81297302246094,151.50981598394938,148.01804042401267,149.45987128233378,86652500
2022-09-23,147.54725646972656,148.5673350111051,145.7130966439831,148.292701934514,96029900
2022-09-26,147.88075256347656,150.82326264584486,146.77240230987616,146.79202323434507,93339400
2022-09-27,148.85177612304688,151.75505941669135,147.0764640439276,149.81300689014782,84442700
2022-09-28,146.96859741210938,147.75326992489508,142.06441291517794,144.81075922673622,146691400
2022-09-29,139.7496337890625,143.9083875278427,137.98412442041132,143.30027345445623,128138200
2022-09-30,135.55162048339844,140.35772899315157,135.35545614892226,138.5725991267457,124925300
2022-10-03,139.7201690673828,140.32829792951577,135.05139229305564,135.5614315097669,114311700
2022-10-04,143.30026245117188,143.41795807791704,141.4955113649154,142.25075989142124,87830100
2022-10-05,143.594482421875,144.55571313373582,140.26944671107276,141.3091461524557,79471000
2022-10-06,142.64306640625,144.71263233032042,142.43709909152813,143.0157891213956,68402200
2022-10-07,137.4053955078125,140.35772324812106,136.7776606833551,139.80844218113944,85925600
2022-10-10,137.7290802001953,139.17091126885134,135.91454138275128,137.7290802001953,74899000
2022-10-11,136.31668090820312,138.64127407342733,135.57125040118655,137.21904887976436,77033700
2022-10-12,135.68896484375,137.67025945099226,135.51242139642648,136.46383432846753,70433700
2022-10-13,140.24981689453125,140.83830981626429,131.79499606499104,132.40312487373902,113224000
2022-10-14,135.72816467285156,141.75050040665323,135.54180333634727,141.5445181488385,88598000
2022-10-17,139.68093872070312,140.1615390587515,137.58194907165392,138.36662131640782,85250900
2022-10-18,140.9952850341797,143.88875049899616,137.91545818930572,142.70194639396894,99136600
2022-10-19,141.10317993164062,142.1722884311379,138.78840452952474,138.97476591255997,61758300
2022-10-20,140.6421661376953,143.0942577538532,139.91634163141595,140.2792613677454,64522000
2022-10-21,144.4478302001953,145.0167173026428,139.9163543059083,140.1321395849877,86548600
2022-10-24,146.58604431152344,147.3510957532076,143.2021606323234,144.3693587197694,75981900
2022-10-25,149.42066955566406,149.5678040506047,146.49778017936205,147.2137868289863,74732300
2022-10-26,146.48794555664062,149.07735346461445,145.20303709712394,148.06709300971718,88194300
2022-10-27,142.0251922607422,146.1937492661754,141.3680333052635,145.23253325315713,109180200
2022-10-28,152.75552368164062,154.48179100593666,144.98729827273644,145.36000606754794,164762400
2022-10-31,150.4014892578125,151.28425122815003,149.00870300208484,150.22494584357278,97943200
2022-11-01,147.76304626464844,152.47106552613408,146.27218522217615,152.10816072803473,80379300
2022-11-02,142.25076293945312,149.2539372421044,142.22133903213634,146.0956414814595,93604600
2022-11-03,136.21861267089844,140.0634909361085,136.09109910411752,139.33766635298934,97918500
2022-11-04,135.95333862304688,140.16810151754257,132.0234836201314,139.59827074317496,140814800
2022-11-07,136.48388671875,136.70984922405512,133.29087896117363,134.70562941235488,83374600
2022-11-08,137.05369567871094,138.9498435557623,135.0789489012502,137.94774130575934,89908500
2022-11-09,132.5048828125,136.12035725287217,132.2297941583769,136.07123106652006,74917800
2022-11-10,144.29446411132812,144.29446411132812,137.05371017047622,138.7632027049217,118854000
2022-11-11,147.07481384277344,147.37937519314977,141.83828048896822,143.26286485614494,93979700
2022-11-14,145.6797332763672,147.64466090619808,144.8446330372058,146.35763570725214,73374100
2022-11-15,147.40887451171875,150.8966242970365,145.95483216140596,149.55065357357725,89868300
2022-11-16,146.18080139160156,147.2418642338074,144.707105498184,146.51485052076237,64218300
2022-11-17,148.07696533203125,148.82363252503697,143.58709795786277,143.86218666008645,80389400
2022-11-18,148.63697814941406,150.0222560449532,147.34013341087538,149.63909566865638,74829600
2022-11-21,145.4144287109375,147.7330433535175,145.12952086958856,147.5267343973142,58724100
2022-11-22,147.54641723632812,147.78221396265934,144.35340964940343,145.53237828985053,51804100
2022-11-23,148.42079162597656,149.1674586072914,146.72111870836432,146.82919031011303,58301400
2022-11-25,145.51271057128906,146.2692118769101,144.54006603549058,145.7092003283938,35195900
2022-11-28,141.69091796875,144.06847835661756,140.86565204725017,142.59478278627932,69246000
2022-11-29,138.69439697265625,142.2705641956943,137.88878454429147,141.75967888062996,83763800
2022-11-30,145.4341278076172,146.1120302873751,138.08530213977906,138.92038744793726,111380900
2022-12-01,145.70919799804688,146.51482547786148,144.03901260255705,145.61096061666942,71250400
2022-12-02,145.2179718017578,145.40464232225125,143.09584639700262,143.4004227674544,65447400
2022-12-05,144.0586700439453,148.27343309869434,143.21375058654476,145.17867816271277,68826400
2022-12-06,140.40391540527344,144.71693119940028,139.431270776129,144.49096870660432,64727200
2022-12-07,138.46844482421875,140.85582456681212,137.54492649061714,139.69652452502783,69721100
2022-12-08,140.14845275878906,141.0032064446931,138.62564588690643,139.86354485762612,62128300
2022-12-09,139.6670379638672,143.0172426533997,138.42912415381502,139.84387422747133,76097000
2022-12-12,141.95619201660156,141.96601125722427,138.58633357333804,140.19757351667832,70462700
2022-12-13,142.9189910888672,147.34007759813417,141.71056497387187,146.87831847453648,93886200
2022-12-14,140.69862365722656,144.0881201971517,138.6845702087708,142.80109523487565,82291200
2022-12-15,134.1063232421875,139.31338494507114,133.64456400681874,138.63548245096763,98931900
2022-12-16,132.1511993408203,135.23613504981998,131.38487878191776,134.2929782040358,160156900
2022-12-19,130.0487060546875,132.82907992971283,129.01713123497163,132.74066180080095,79592600
2022-12-20,129.97996520996094,130.91330283228723,127.6122238272619,129.08591954394805,77432800
2022-12-21,133.07470703125,134.41085828161889,130.42205800232537,130.64802045895354,85928000
2022-12-22,129.9111785888672,132.20032094511618,128.0150307307424,131.99401195090732,77852100
2022-12-23,129.54766845703125,130.0978457490201,127.3665977700706,128.62415014924704,63814900
2022-12-27,127.749755859375,129.10556058535423,126.46273078933112,129.07608787315525,69007800
2022-12-28,123.8297348022461,128.73222692892008,123.66271775984325,127.39607559848972,85438400
2022-12-29,127.3371353149414,128.19187403447657,125.49010604619004,125.74554124055932,75703700
2022-12-30,127.6514892578125,127.67114272748928,125.19533773599038,126.1581553688859,77034200
2023-01-03,122.87674713134766,128.6045053870652,121.99252821247748,127.99538262842437,112117500
2023-01-04,124.14411163330078,126.40378110334797,122.88655931785308,124.66481618620304,89113600
2023-01-05,122.82762145996094,125.52939692056384,122.57218626779334,124.90062068574456,80962700
2023-01-06,127.3469467163086,128.0051956310965,122.69989736764362,123.80025946812164,87754700
2023-01-09,127.86766052246094,131.07050217869943,127.6122253254048,128.18205614149144,70790800
2023-01-10,128.43746948242188,128.958174020526,125.87323874198964,127.9757103650532,63896200
2023-01-11,131.1490936279297,131.1687321095965,128.17222961380045,128.94836939344688,69458900
2023-01-12,131.07049560546875,131.90558081812333,129.13504077259947,131.5322547782573,71379600
2023-01-13,132.3968048095703,132.55400260182785,129.35117628841525,129.71468306570503,57809700
2023-01-17,133.55612182617188,134.8824388666635,131.77786487384603,132.4655864864573,63646600
2023-01-18,132.83895874023438,136.17933021057922,132.66210743185522,134.4207263168224,69672800
2023-01-19,132.89788818359375,133.86069855178562,131.42419241972087,131.7287538123279,58280400
2023-01-20,135.45225524902344,135.59963378756996,131.8662690124696,132.9076780568954,80223600
2023-01-23,138.6354522705078,140.806703627411,135.4817372209474,135.6978804326285,81760300
2023-01-24,140.03054809570312,140.64950501564115,137.83965827143598,137.84947751147084,66435100
2023-01-25,139.372314453125,139.93231102042415,136.37579688239575,138.41932337339787,65799300
2023-01-26,141.4354705810547,141.72037843724186,139.4115829133593,140.6593159193217,54105100
2023-01-27,143.37094116210938,144.64814715401417,140.57092820918845,140.64952711543583,70555800
2023-01-30,140.49234008789062,142.99762607371383,140.34497649686972,142.41797596075202,64015300
2023-01-31,141.7596893310547,141.80881551729502,139.78494257033407,140.19757555057984,65874500
2023-02-01,142.87969970703125,144.03901475780756,138.84178798038548,141.44531098955775,77663600
2023-02-02,148.1751708984375,148.52884341135578,145.57163330132713,146.2888275489756,118339000
2023-02-03,151.7906036376953,154.62010318230128,145.23757419868863,145.4340638912413,154357300
2023-02-06,149.06919860839844,150.4151839414419,148.1358611817687,149.89447943002094,69858300
2023-02-07,151.93800354003906,152.50783427872634,147.99832954313612,147.99832954313612,83322600
2023-02-08,149.25587463378906,151.8692315183495,148.5190269025848,151.18150996746658,64120100
2023-02-09,148.2243194580078,151.62365104865805,147.78221371418798,151.08329292122983,56007100
2023-02-10,148.58837890625,148.913088785703,146.82709018156558,147.06324691592152,57450700
2023-02-13,151.3828582763672,151.78627208132363,148.49983612289876,148.52935383999073,62199000
2023-02-14,150.7432403564453,151.3041068890254,148.4407688328002,149.68055772689488,61707600
2023-02-15,152.839111328125,153.0063833860837,150.42840282421838,150.6547103127393,65573800
2023-02-16,151.2450714111328,153.82305157694913,150.8908438680814,151.04826665403036,68167900
2023-02-17,150.1037139892578,150.54649479465752,148.43097816102596,149.90692418842454,59144100
2023-02-21,146.0989532470703,148.87373860585663,146.0300835825423,147.79137232815333,58867200
2023-02-22,146.5220489501953,147.54536466728035,144.80011234851025,146.4826819914061,51011300
2023-02-23,147.00418090820312,147.92910925221886,144.8788305804024,147.6831183102613,48394200
2023-02-24,144.35733032226562,144.82962872471046,143.3832007915086,144.75090982195374,55469600
2023-02-27,145.54791259765625,146.77786725557394,145.0854484451516,145.34128862301924,44998500
2023-02-28,145.04612731933594,146.68934528974674,144.47542643511753,144.69189970203135,50547000
2023-03-01,142.97976684570312,144.8689754008769,142.68457472462396,144.47539591550134,55479000
2023-03-02,143.57015991210938,144.3573339453376,141.59238308918532,142.0646965175798,52238100
2023-03-03,148.6080322265625,148.68675112203792,144.96736964186593,145.66597544130724,70732300
2023-03-06,151.3631591796875,153.79355106354063,150.99909736370918,151.32379221822697,87558000
2023-03-07,149.16888427734375,151.55990856266533,148.70642019503097,151.23519878056746,56182000
2023-03-08,150.41856384277344,151.00894821688513,149.39524794362458,150.35952840818192,47204800
2023-03-09,148.1751251220703,152.06177965604292,147.82089750549494,151.09749920529256,53833600
2023-03-10,146.11862182617188,148.5194958597798,145.242894659562,147.80120650188752,68572400
2023-03-13,148.05703735351562,150.6842189540097,145.33145336527863,145.43968998615728,84457100
2023-03-14,150.14303588867188,150.94004418166887,147.6929755826584,148.85404568502526,73695900
2023-03-15,150.53660583496094,150.7924309816341,147.51583019026037,148.7654682431246,77167900
2023-03-16,153.35076904296875,153.9509875803486,149.20827470890512,149.71994010489203,76161100
2023-03-17,152.514404296875,154.2265068856699,151.80594908869074,153.5770871091514,98944600
2023-03-20,154.87591552734375,155.28919358755078,151.6780327765039,152.5832927983786,73641400
2023-03-21,156.7257537841797,156.84382463636302,154.02968755125636,154.7971931327365,73938300
2023-03-22,155.2989959716797,159.53987720924363,155.27931249330243,156.74542384346483,75701800
2023-03-23,156.38137817382812,158.95937384680835,155.15142327717084,156.2829907905543,67622100
2023-03-24,157.68017578125,157.7687289068554,155.31866901387664,156.31246690077828,59196500
2023-03-27,155.74179077148438,158.19186606543823,155.33836200567538,157.37517430078694,52390300
2023-03-28,155.12188720703125,155.94842821050446,153.47866946121147,155.43676283008696,45992200
2023-03-29,158.19186401367188,158.46737267599335,156.7946372221569,156.8143056879684,51305700
2023-03-30,159.75636291503906,159.86459953343115,158.68384597812414,158.93967116064357,49501700
2023-03-31,162.255615234375,162.3540176143248,159.31357325147573,159.8350728342002,68749800
2023-04-03,163.50526428222656,163.62333513475417,161.58653785817188,161.63573905142377,56976200
2023-04-04,162.9739532470703,164.16454121432164,162.46228779099377,163.92839947620809,46278300
2023-04-05,161.13389587402344,162.4032175003463,159.2053353608918,162.09819114468434,51511700
2023-04-06,162.01947021484375,162.31466233453045,159.40212310856722,159.8252203026454,45390100
2023-04-10,159.43165588378906,159.43165588378906,157.51292944566782,158.8314373555464,47716900
2023-04-11,158.22142028808594,159.75640178486614,157.93606230921543,159.7465675495636,47644200
2023-04-12,157.53262329101562,159.46118408911326,157.2177476424543,158.6346580327857,50133100
2023-04-13,162.90505981445312,163.14121655398105,158.83144989570576,159.0380889195549,68445600
2023-04-14,162.56068420410156,163.6528847449455,161.19297496954,161.9506163702145,49386500
2023-04-17,162.58033752441406,162.7377753387549,161.39958394505072,162.44258319038994,41516200
2023-04-18,163.80043029785156,164.72535853269454,162.99357289670127,163.4363685512365,49923000
2023-04-19,164.94187927246094,165.4633789570219,162.885383237049,163.14122346923992,47720200
2023-04-20,163.9775390625,165.17797593709363,162.9050222690973,163.42652181136077,52456400
2023-04-21,162.37371826171875,163.78077935638615,161.85221862385353,162.4032359760057,58337300
2023-04-24,162.67872619628906,162.94440060882783,161.26181601487568,162.3540163618739,41949600
2023-04-25,161.1437530517578,163.64301445601814,161.1043860925183,162.54097982284455,48714100
2023-04-26,161.13389587402344,162.62952495549953,160.18929909610858,160.44512426219072,45498800
2023-04-27,165.7093505859375,165.85693915334917,162.5409858833323,162.5409858833323,64902300
2023-04-28,166.95895385742188,167.12624089927414,165.18783120394306,165.7880496631181,55275900
2023-05-01,166.8704376220703,167.71664719399982,165.93567490070697,166.5654112090663,52472900
2023-05-02,165.8372039794922,167.61819055098334,164.85324046587115,167.36235042842318,48425700
2023-05-03,164.76473999023438,168.17909567440717,164.47939708632646,166.78186884038578,65136000
2023-05-04,163.13131713867188,164.36127162736898,161.67505522800053,162.24575591244712,81235400
2023-05-05,170.78660583496094,171.504895212846,168.02165491497223,168.23812815446027,113453200
2023-05-08,170.7177276611328,171.06212101363838,169.35001851271124,169.71408033203093,55962800
2023-05-09,169.01548767089844,170.75709300871614,168.8482156052712,170.27496029429,45326900
2023-05-10,170.7767333984375,171.23919752781077,169.14335009103814,170.24539961899495,53724500
2023-05-11,170.96371459960938,171.79024060925457,169.40904995436452,171.06211698775132,49514700
2023-05-12,170.03750610351562,171.50563041723674,168.49053896760506,171.07208510437357,45533100
2023-05-15,169.5448760986328,170.66814597161118,168.95367509817433,170.61887671576198,37266700
2023-05-16,169.5448760986328,170.59916600644908,169.2788341449399,169.4660482962473,42110300
2023-05-17,170.15577697753906,170.39224535567206,167.91908501354433,169.19016268547455,57951600
2023-05-18,172.48110961914062,172.6683237371227,170.04735615510018,170.46119076780954,65496700
2023-05-19,172.58946228027344,173.80140734070233,172.3726896633043,173.80140734070233,55809500
2023-05-22,171.64358520507812,172.14611049896482,170.90459157041087,171.42681253611994,43570900
2023-05-23,169.04234313964844,170.83564173486545,168.7664533611328,170.58931050155752,50747300
2023-05-24,169.3181915283203,169.88968165407772,168.0175707525213,168.57919800904358,45143500
2023-05-25,170.4513397216797,171.3479738482291,169.17041449607095,169.8798495430277,56058300
2023-05-26,172.8555145263672,173.1905363695113,170.56956891324683,170.7764937271046,54835000
2023-05-30,174.6981201171875,176.36332172139132,173.9788370991414,174.36311323589106,55964400
2023-05-31,174.6488037109375,176.7179916024166,174.16598919362923,174.72763149140792,99625300
2023-06-01,177.44712829589844,177.47668683522244,174.33349851829678,175.0922027756249,68901800
2023-06-02,178.2945098876953,179.11233123154489,176.62930866038764,178.37333767160567,61996900
2023-06-05,176.9446258544922,182.23581511366768,175.42721727327233,179.9498694414483,121946500
2023-06-06,176.58006286621094,177.4766970018392,174.82617090162998,177.328904296753,64848400
2023-06-07,175.21046447753906,178.5507149734009,174.71780207381394,175.82136104700194,61944600
2023-06-08,177.92010498046875,178.18613184931536,174.85574427470908,175.28927455408018,50214900
2023-06-09,178.30438232421875,179.55573399442156,177.9792233362159,178.83645110058313,48900000
2023-06-12,181.09283447265625,181.19137296447727,178.31422641468646,178.60982685528654,54274900
2023-06-13,180.619873046875,181.4475422080245,179.76264534674598,180.1173628493618,54929100
2023-06-14,181.25051879882807,181.68406417583665,179.3488488908818,180.67902853230476,57462900
2023-06-15,183.2802581787109,183.78278344228747,181.08298811392547,181.2603543936769,65433200
2023-06-16,182.2062530517578,184.245882524342,181.56579797087076,183.989688464097,101256200
2023-06-20,182.29495239257807,183.3689679486228,181.70376647980103,181.70376647980103,49799100
2023-06-21,181.2603759765625,182.68909408055805,179.91047063421516,182.18656875714527,49515700
2023-06-22,184.25575256347656,184.3050218144504,180.9746189088309,181.0435988671672,51245300
2023-06-23,183.9404296875,184.8075203379306,182.29493904669715,182.8270228675936,53117000
2023-06-26,182.5511474609375,185.29034946556595,182.51172604562308,184.08825189117624,48088700
2023-06-27,185.30018615722656,185.6253451571229,182.94526040179292,183.1620330683905,50730800
2023-06-28,186.47271728515625,187.11317238738192,184.84693738882143,185.17208134019785,51216800
2023-06-29,186.80772399902344,187.2806907250245,186.1672688971672,186.3052137668684,46347300
2023-06-30,191.1234588623047,191.62596911406445,188.45322195229383,188.8178023638345,85213200
2023-07-03,189.6356201171875,191.0347795474039,188.9458807202263,190.93624105216276,31458200
2023-07-05,188.522216796875,190.14799688410469,187.822629495574,188.7587001877792,46920300
2023-07-06,188.99514770507807,189.20207252866172,186.42344937265383,187.05405664400223,45094300
2023-07-07,187.88172912597656,189.84253092683244,187.4481988352347,188.60102706839623,46815000
2023-07-10,185.8421173095703,187.20187038994516,184.2951501053916,186.48257243692333,59922200
2023-07-11,185.31993103027344,186.52202875398916,183.86165421465003,186.3840838529824,46638100
2023-07-12,186.9851226806641,188.88679264498364,185.7041972201304,186.8964320073811,60750200
2023-07-13,187.74380493164065,188.38427515496105,186.994963399846,187.70439854991048,41342300
2023-07-14,187.8916015625,188.3744011257073,186.8471596075647,187.43834550769157,41616200
2023-07-17,191.1431579589844,191.4683169379724,188.9951421376018,189.08381775872684,50520200
2023-07-18,190.8869781494141,191.47817907078496,189.5962050071137,190.5125649317522,48288200
2023-07-19,192.23687744140625,195.3209338889853,189.82281961650224,190.26622781119136,80507300
2023-07-20,190.2957763671875,193.58675746858663,189.6750169550875,192.2270044839344,59581200
2023-07-21,189.1232452392578,192.1087781918613,188.4236580132484,191.25155042374644,71951700
2023-07-24,189.92132568359372,192.04963052919288,189.4286633601603,190.57164355889253,45377800
2023-07-25,190.778564453125,191.5865379274597,190.0888401670233,190.49282690419068,37283200
2023-07-26,191.64569091796875,192.76896069007796,190.48301476563847,190.82786945588316,47471900
2023-07-27,190.38446044921875,194.30604897209747,189.72429463258095,193.1433729163405,47460200
2023-07-28,192.95616149902344,193.7444243627897,191.29096014596897,191.8131810983056,48291400
2023-07-31,193.5670623779297,193.60648379116893,192.39452340931743,193.1827862905988,38824100
2023-08-01,192.73936462402344,193.8429234737508,192.4142056697584,193.36012399442592,35175100
2023-08-02,189.75384521484372,192.3156805851802,189.03456234552243,192.1777357193533,50389300
2023-08-03,188.3645477294922,189.5469345297089,187.8915960163783,188.75868668614032,61235200
2023-08-04,179.3192901611328,184.63019095429203,179.25031019901363,182.797485975556,115956800
2023-08-07,176.225341796875,180.44253062568197,174.74735463626894,179.45720585194456,97576100
2023-08-08,177.1614227294922,177.6245266423458,174.97400021533485,177.0530363874442,67823000
2023-08-09,175.5750274658203,178.27480777933516,174.41233639065635,178.2156906972674,60378500
2023-08-10,175.35826110839844,178.09746293161143,174.99369573264087,176.8460961883882,54686900
2023-08-11,175.41744995117188,176.2363757071569,174.1940069392339,174.95373578240464,52036700
2023-08-14,177.06520080566406,177.2921273528478,174.94388246971033,175.595078706152,43675600
2023-08-15,175.0819854736328,177.08489459113486,174.68732936330193,176.49291042563854,43622600
2023-08-16,174.21372985839844,176.1574269074876,174.14465676238186,174.766254405872,46964900
2023-08-17,171.67800903320312,175.14116345073805,171.16494410110627,174.77610583538885,66062900
2023-08-18,172.16151428222656,172.76337470680727,169.6652772069575,170.0007364455324,61172200
2023-08-21,173.49349975585938,173.77963828216437,171.42153223598535,172.73378585948967,46311900
2023-08-22,174.86492919921875,175.30892111024494,173.89801113995804,174.6971995908385,42038900
2023-08-23,178.7030487060547,179.12731842197306,175.95028634108905,176.13775330473885,52722800
2023-08-24,174.0262908935547,178.68330576322634,173.66121814414575,178.25903609639087,54945800
2023-08-25,176.22650146484375,176.75928869570708,173.47373983758078,175.0129196769248,51449600
2023-08-28,177.78541564941406,178.1800717356574,176.16730160755293,177.68674410027091,43820700
2023-08-29,181.6629943847656,182.4325844218137,177.10465107991652,177.3019791564373,53003900
2023-08-30,185.1458740234375,185.3432171414265,182.27471834075723,182.47204640358007,60813900
2023-08-31,185.36294555664065,186.59626480914432,184.97815055206613,185.33334709899387,60794500
2023-09-01,186.9316864013672,187.38553932747752,185.76742552646203,186.9612848506717,45766500
2023-09-05,187.16851806640625,187.44478036173828,185.10641198511868,185.76746926717504,45280000
2023-09-06,180.46913146972656,186.329866585718,179.04834537431464,185.88585963952747,81755800
2023-09-07,175.1905517578125,175.8318868790433,171.22419235116297,172.84230680208358,112488800
2023-09-08,175.80224609375,177.8347687964352,175.417451102765,175.96999075471308,65551300
2023-09-11,176.96652221679688,177.8939807491613,174.9734739911946,177.66705421097663,58953100
2023-09-12,173.94732666015625,177.72621814105926,172.48708107979573,177.09475937210624,90370200
2023-09-13,171.88522338867188,174.93398459835862,171.6582818339781,174.15451849429098,84267900
2023-09-14,173.39483642578125,173.75003299454158,171.2636570132194,171.6780505009118,60895800
2023-09-15,172.67454528808594,174.14466716160445,171.50043808217407,174.12492983939754,109259500
2023-09-18,175.59506225585938,176.98624997924455,173.8190795297471,174.12494029407293,67257600
2023-09-19,176.68038940429688,177.23291401853146,174.7662755227223,175.15107052586188,51826900
2023-09-20,173.14817810058594,177.3019893003594,173.05936766417838,176.86785847407558,58436200
2023-09-21,171.60897827148438,173.9473619674597,171.53992021743218,172.2207148989756,63149100
2023-09-22,172.4574737548828,174.71692282922322,171.72735846610487,172.33907993619778,56725400
2023-09-25,173.7302703857422,174.6083930174941,171.82601779128095,171.87535356826675,46172700
2023-09-26,169.66525268554688,172.86200623492672,169.36925308333926,172.48708745695123,64588900
2023-09-27,168.15565490722656,170.730825832551,166.79408083596385,170.31643241476104,66921800
2023-09-28,168.4122314453125,169.7343462157436,165.38319180250966,167.08024048447163,56294400
2023-09-29,168.92527770996094,170.76045735672912,168.06687727418498,169.7244661753788,51861100
2023-10-02,171.43138122558594,171.97404472395215,168.64900568223578,168.93514418826848,52164500
2023-10-03,170.09939575195312,171.31299281082715,168.54049336939298,169.96126458937815,49594600
2023-10-04,171.34255981445312,171.8852232303615,168.68845469814508,168.80684851428336,53020300
2023-10-05,172.57586669921875,173.10865388928795,170.3756147373138,171.47080262455518,48527900
2023-10-06,175.12147521972656,175.61480292776608,170.8689777300858,171.48071432556827,57266700
2023-10-09,176.60145568847656,176.66065260372454,173.45402254968238,174.45053908507856,42390800
2023-10-10,176.0094451904297,177.3216985969386,175.5753144327677,175.7233217666065,43698000
2023-10-11,177.40065002441406,177.449985807142,175.23001108089,175.82199530812358,47551100
2023-10-12,178.2985076904297,179.90674578858014,176.6507798893927,177.6670488234186,56743100
2023-10-13,176.46331787109375,179.50220314362676,175.7627859383901,178.9990143278533,51427100
2023-10-16,176.33505249023438,176.69024903281087,174.15453745424634,174.39134016768617,52517000
2023-10-17,174.78599548339844,176.03905203817294,172.467364361049,174.29266779074965,57549400
2023-10-18,173.49349975585938,175.21028574818484,172.77324545527233,173.2369747453516,54764400
2023-10-19,173.1185760498047,175.466805839834,172.85217485644313,173.69082297603654,59302900
2023-10-20,170.572998046875,173.0790962513972,170.3361953203569,172.97056355030566,64244000
2023-10-23,170.69137573242188,171.68789221712717,167.66233657820504,168.62926966195786,55980100
2023-10-24,171.12550354003906,171.35243005141567,169.1620540054936,170.74070856198065,43816600
2023-10-25,168.81674194335938,170.75057806188605,168.3727349771656,169.58633193718455,57157000
2023-10-26,164.6629180908203,169.0930062294273,163.459197305812,168.0964746462511,70625300
2023-10-27,165.9751739501953,166.70530437202822,164.60372353518264,164.6826577744484,58499100
2023-10-30,168.01754760742188,168.88580920893756,166.61649869462795,166.76450604315932,51131000
2023-10-31,168.49114990234375,168.61940486913602,165.65943861592592,167.09010101577766,44846000
2023-11-01,171.64842224121094,171.9049471971035,167.84979334743332,168.71805482147735,56934900
2023-11-02,175.20037841796875,175.40756758774253,173.11853525669227,173.17773216234193,77334800
2023-11-03,174.2926788330078,174.46042350768224,171.0367278993792,171.91485064572058,79829200
2023-11-06,176.83824157714844,177.0355696443862,173.85855313497558,174.02628274488598,63841300
2023-11-07,179.39370727539062,180.00542885763969,176.5817331247381,176.78892234542403,70530000
2023-11-08,180.4494171142578,181.00194176498167,179.16676200069597,179.91662978825056,49340300
2023-11-09,179.97581481933594,181.6629871195562,179.3838155582821,180.5184782994409,53763500
2023-11-10,184.1548614501953,184.3228271167955,181.31943456996743,181.75413731292957,66133400
2023-11-13,182.5741271972656,183.78930789371245,181.99123723697812,183.5818457400509,43627500
2023-11-14,185.18235778808597,185.8442860799284,184.05608926427885,185.43922075842696,60108400
2023-11-15,185.74546813964844,187.2175269447368,185.5182426445681,185.5874067506803,53790500
2023-11-16,187.4249725341797,188.6599164347462,186.37772744350028,187.28665942031617,54412900
2023-11-17,187.4052581787109,188.08694980194565,186.29875297867932,187.95851077872672,50922700
2023-11-20,189.1440277099609,189.598493753426,187.59294582194016,187.60281994734132,46505100
2023-11-21,188.34378051757807,189.2131859258528,187.45462685911556,189.10451024981845,38134500
2023-11-22,189.00570678710935,190.60618938615343,188.53149251239265,189.1835465620032,39617700
2023-11-24,187.681884765625,188.6006760331266,186.9705556859451,188.5710385777235,24048300
2023-11-27,187.5040283203125,188.37343380166536,186.6247487130357,187.6324673323309,40552600
2023-11-28,188.10667419433597,188.77849160556613,187.11871894105684,187.4941467613032,38415400
2023-11-29,187.08909606933597,189.77633577367203,186.6939199672285,188.6006665186497,43014200
2023-11-30,187.6620941162109,188.02764780463457,185.92329832736,187.55341843722024,48794400
2023-12-01,188.9365692138672,189.25270705783996,186.95076949469112,188.0375263099119,45704800
2023-12-04,187.1483612060547,187.76090372984268,185.1922139752508,187.69173962433385,43389500
2023-12-05,191.09030151367188,192.0584934319345,187.8893210956394,187.9189736219644,66628400
2023-12-06,190.0035552978516,192.4141533735728,189.79607806848605,192.10788966712872,41089700
2023-12-07,191.9300994873047,192.65130270720772,191.2582819773241,191.29780863526577,47477700
2023-12-08,193.3527374267578,193.629363703371,191.33730018286,191.86091528323507,53406400
2023-12-11,190.85321044921875,191.1594892758114,189.1144144313186,190.7840614125706,60943700
2023-12-12,192.36477661132807,192.3746507369947,189.4107849369075,190.75440470261373,52696900
2023-12-13,195.5756072998047,195.6151188726379,192.50306619330016,192.7401657802978,70404200
2023-12-14,195.7238006591797,197.2156075489979,193.7972910796132,195.6348883112765,66831600
2023-12-15,195.19032287597656,196.01031245444227,194.62718115642724,195.1507962246044,128538400
2023-12-18,193.53054809570312,194.2616403879697,192.0486152607036,193.72813612536964,55751900
2023-12-19,194.56790161132807,194.57777573643529,193.5305456250714,193.797297752966,40714100
2023-12-20,192.4833221435547,195.2989855460905,192.4833221435547,194.5283816611859,52242800
2023-12-21,192.3351287841797,194.7062305271897,191.16934877699248,193.73803856316968,46482500
2023-12-22,191.2681427001953,193.0563392932213,190.6457260678158,192.8290987313997,37149600
2023-12-26,190.7247467041016,191.55462542072405,190.50739536284337,191.2779991818499,28919300
2023-12-27,190.8235626220703,191.16935301152336,188.7883770898652,190.1715235726757,48087700
2023-12-28,191.2483673095703,192.3153607227681,190.8433020640508,191.80161980345068,34049900
2023-12-29,190.2110137939453,192.058485197286,189.42064661751613,191.56450759639276,42672100
2024-01-02,183.40402221679688,186.17030008579115,181.6751004330507,184.89582930034305,82488700
2024-01-03,182.03077697753903,183.6411490551268,181.22064633789287,182.00113952243032,58414500
2024-01-04,179.7189483642578,180.88472835710988,178.70135563320858,179.95604798314233,71983600
2024-01-05,178.99774169921875,180.5587129492039,177.99991223040004,179.79799818956093,62379700
2024-01-08,183.3249664306641,183.36449308108035,179.3138706884217,179.89676064456037,59144500
2024-01-09,182.9100341796875,182.9199083051763,180.52905841182087,181.7047275700206,42841800
2024-01-10,183.9473876953125,184.1548498527509,181.7047250899033,182.12955368013527,46792900
2024-01-11,183.35459899902344,184.7970202008086,181.40832608034748,184.293153408918,49128400
2024-01-12,183.68063354492188,184.49076406507768,182.95943045197853,183.81894667336303,40477800
2024-01-16,181.41819763183597,182.0405990862716,178.75070683426088,179.9659024464889,65603000
2024-01-17,180.47967529296875,180.7266641293616,178.1283518215105,179.0866697127149,47317400
2024-01-18,186.35797119140625,186.8618228541985,183.59169395794328,183.84855685122983,78005800
2024-01-19,189.252685546875,189.6379874512041,186.54569809210085,187.04954979007,68903000
2024-01-22,191.5546417236328,192.977299687494,189.94426985134533,189.9837965031197,60133900
2024-01-23,192.8291015625,193.39224330006388,191.49537099853464,192.67104017695664,42355600
2024-01-24,192.1573028564453,194.01466361551056,191.9992263929076,193.06621990928545,53631300
2024-01-25,191.8312530517578,193.9059649333701,190.7840229862772,192.868608992564,54822100
2024-01-26,190.10235595703125,192.41416772814077,189.6281416366758,191.93007928184088,44594000
2024-01-29,189.420654296875,189.8849944665396,187.29655655692048,189.69728055859,47145600
2024-01-30,185.7751007080078,189.4898221386195,185.21197404804863,188.6401800108733,55859400
2024-01-31,182.17893981933597,184.846431021382,182.12955411744667,184.7871410441138,55467800
2024-02-01,184.6093292236328,184.69824158324056,181.6059517240919,181.77390231724044,64885400
2024-02-02,183.61148071289065,185.07365019396585,177.09097033579843,177.6936236133024,102551700
2024-02-05,185.4194183349609,186.97051518171523,183.6015844473632,185.8837584690212,69668800
2024-02-06,187.0199279785156,187.02980210381148,184.5204024536245,184.60931480628847,43490800
2024-02-07,187.12860107421875,188.74884702540385,186.3382338864455,188.3437817688575,53439000
2024-02-08,186.05172729492188,187.25701874915856,185.09340956143063,187.1088315017113,40962000
2024-02-09,186.81341552734372,187.941120969739,185.9725760341758,186.6155602859614,45155200
2024-02-12,185.1317596435547,186.63537211912904,184.7756412965565,186.38806813077576,41781900
2024-02-13,183.04449462890625,184.20189045877692,181.5309955827504,183.76663306878044,56529500
2024-02-14,182.1641082763672,183.5292310959524,180.472557481369,183.3215042025078,54630500
2024-02-15,181.87725830078125,182.50046922442783,179.39433152096026,181.57060374922136,65434500
2024-02-16,180.34393310546875,182.85654973235168,179.7108355866275,181.44196326564105,49752500
2024-02-20,179.6020050048828,180.4626178573417,178.05883088561825,179.82952039574,53665600
2024-02-21,180.35385131835935,180.91769653606136,178.71174929095213,179.9779444437335,41371400
2024-02-22,182.3817138671875,182.9653626660908,180.4923231436991,181.50131240098543,52292200
2024-02-23,180.5516815185547,183.04449459753943,180.26480046872612,183.01481932952075,45119700
2024-02-26,179.20635986328125,180.78909628027105,178.7018500832812,180.27471486922383,40867400
2024-02-27,180.66050720214844,181.93658908973129,177.62360710096542,179.1470080612827,54318900
2024-02-28,179.46353149414062,181.14519536218177,178.18744973320082,180.5417731107642,48953900
2024-02-29,178.80078125,180.6011615069905,177.59393659501978,179.31517776545977,136682600
2024-03-01,177.7225341796875,178.5831471920378,175.46712311031385,177.6137198257161,73563100
2024-03-04,173.21173095703125,174.99230771576262,171.91584529303745,174.25039570154502,81510100
2024-03-05,168.28541564941406,170.18470849670402,167.79080766540406,168.91851326517738,95132400
2024-03-06,167.29620361328125,169.39335177885377,166.8609461620447,169.2152850514215,68587700
2024-03-07,167.17745971679688,168.888798717098,166.67296512435692,167.32583603979853,71765100
2024-03-08,168.88880920410156,171.82678133583968,167.11811956465033,167.17747009753631,76267000
2024-03-11,170.88705444335938,172.49948126334272,170.1946063009313,171.07500788792643,60139500
2024-03-12,171.3618621826172,172.15323790323208,169.16580172767317,171.28272310113206,59825400
2024-03-13,169.28453063964844,171.3223130850131,168.91851047344855,170.90684419661972,52488700
2024-03-14,171.13436889648438,172.43023944819464,170.19461671040915,171.0453430786352,72913500
2024-03-15,170.75843811035156,170.75843811035156,168.4535633292171,169.32407812222547,121752700
2024-03-18,171.84658813476562,175.79356502758816,171.64874797271588,173.67664359575858,75604200
2024-03-19,174.18112182617188,174.70540499850514,171.1640105835326,172.45988088096897,55215200
2024-03-20,176.7432098388672,176.7432098388672,173.2018149693641,173.82502584048726,53423100
2024-03-21,169.5219268798828,175.57593855649498,168.99764365136926,175.14068113790177,106181300
2024-03-22,170.42213439941406,171.18383495977668,168.22607363158104,169.90773784358905,71160100
2024-03-25,169.00755310058594,170.085794876263,167.6226416976105,168.73057383883838,54288300
2024-03-26,167.8798370361328,169.57138777241732,167.7512341389727,168.16670300567833,57388400
2024-03-27,171.4409942626953,171.72787530814264,168.27550660374618,168.57227437363676,60273300
2024-03-28,169.6307373046875,170.37264922530974,168.67119667981044,169.89782982249778,65672700
2024-04-01,168.19635009765625,169.40319450105653,167.6522784249374,169.34384397207526,46240500
2024-04-02,167.01919555664062,167.51380346702695,166.41577330219988,167.25661278755086,49329500
2024-04-03,167.8204803466797,168.83937157047524,166.7620271262386,166.9697540235435,47691700
2024-04-04,166.9994659423828,170.06602673515292,166.9994659423828,168.45359969390546,53704400
2024-04-05,167.75125122070312,168.55251376624304,167.12804031006615,167.76113794678497,42104800
2024-04-08,166.63343811035156,167.37535013675048,166.4257111957336,167.2071852220754,37425500
2024-04-09,167.8402557373047,168.2458378687617,166.53449863101693,166.88071513080217,42373800
2024-04-10,165.9706268310547,167.26649712267962,165.307854051912,166.97963118021664,49709300
2024-04-11,173.15234375,173.5678277091418,166.34654865134516,166.5246002673459,91070300
2024-04-12,174.6460723876953,176.43655077441642,172.33131077483722,172.38075949507746,101670900
2024-04-15,170.82769775390625,174.72521085075485,170.63974431610336,173.46890241983837,73531800
2024-04-16,167.5533905029297,171.88614579113815,166.45536027289515,169.8978273072319,73711200
2024-04-17,166.18829345703125,168.8097099054139,166.18829345703125,167.78093187309736,50901200
2024-04-18,165.23861694335938,166.8213684176903,164.75391081370103,166.21794611620325,43122900
2024-04-19,163.2206268310547,164.60552308162335,162.31054999578998,164.41758473594675,68149400
2024-04-22,164.05157470703125,165.4562595890904,162.993121456103,163.73503344203667,48116400
2024-04-23,165.10012817382812,165.24851961582092,163.14148491226467,163.56685559955991,49537800
2024-04-24,167.19729614257812,167.47427542099652,164.4176015378687,164.74402954196006,48251800
2024-04-25,168.05787658691406,168.77011319134087,166.33663561051003,167.70175828470067,50558300
2024-04-26,167.47425842285156,169.49225225997063,167.35554224826544,168.04800546826704,44838400
2024-04-29,171.62896728515625,174.13168243053624,171.2332869429431,171.5003643815301,68169400
2024-04-30,168.4931640625,173.1029142716877,168.1667209693098,171.46081207960546,65934800
2024-05-01,167.47425842285156,170.84748833564953,167.28630498280754,167.75123767315736,50383100
2024-05-02,171.16404724121094,171.54984088638673,169.04712555589578,170.649650682897,94214900
2024-05-03,181.40240478515625,184.9833612803204,180.6901681758964,184.6371297001228,163224100
2024-05-06,179.7504425048828,182.2135806366563,178.47434543693257,180.383540128798,78569700
2024-05-07,180.4329833984375,182.90602327557747,179.36464345444207,181.4716631656838,77305800
2024-05-08,180.769287109375,181.0957301100937,179.49319037072598,180.8781014429479,45057100
2024-05-09,182.57960510253903,182.6686309202814,180.1461270912472,180.5912712741972,48983000
2024-05-10,181.3215789794922,183.34230991411323,180.4102677646858,183.1541015442068,50759500
2024-05-13,184.52105712890625,185.3333215658282,182.87672798687532,183.6889924237973,72044800
2024-05-14,185.66021728515625,186.52201273815805,184.5309821431948,185.7394637127145,52393600
2024-05-15,187.9286193847656,188.8498308462509,185.60080260352012,186.13571225801192,70400000
2024-05-16,188.04747009277344,189.29558246787192,187.86917696188,188.6715262803227,52845200
2024-05-17,188.07716369628903,189.0082902438942,187.3936765447615,187.72056236134895,41282900
2024-05-20,189.2361297607422,190.10782534306236,187.2252989090168,187.54228461702792,44361300
2024-05-21,190.5337829589844,190.91018461353585,189.11727756366656,189.28567056183377,42309400
2024-05-22,189.09744262695312,190.9993265483893,188.4734016076069,190.45451683728567,34648500
2024-05-23,185.11541748046875,189.19651013997455,184.8677780692908,189.1766947549615,51005900
2024-05-24,188.1861267089844,188.7804673088457,186.26444256610336,187.0370913918068,36327000
2024-05-28,188.196044921875,191.1776178733189,187.31444925751387,189.7016815997372,52280100
2024-05-29,188.49319458007807,190.4346940804733,187.72056087959157,187.81962268312432,53068000
2024-05-30,189.48377990722656,190.3653756748288,188.8300232981759,188.9587855239753,49889100
2024-05-31,190.43472290039065,190.7517086279001,188.11682144814543,189.6323735603605,75158300
2024-06-03,192.19790649414065,193.14884852262287,190.7021698304424,191.07857147290116,50080500
2024-06-04,192.514892578125,193.47573474401025,191.20734917579057,192.80214765697744,47471400
2024-06-05,194.0205078125,195.0407809078553,193.02995023528447,193.554944542032,54156800
2024-06-06,192.6436309814453,194.6445614945768,192.3365605546928,193.8422122853953,41181800
2024-06-07,195.0308837890625,195.08041469163095,192.30685040959915,192.81202934049517,53103900
2024-06-10,191.2965087890625,195.43704806418344,190.3356665576352,195.04081589339745,97010200
2024-06-11,205.1939849853516,205.2039002340017,191.8016581477277,191.82145841561143,172373300
2024-06-12,211.05812072753903,218.1207863262847,204.9463668712596,205.4119301648784,198134300
2024-06-13,212.2170867919922,214.70338117421304,209.6020150722442,212.71236564129836,97862700
2024-06-14,210.48358154296875,213.13826855094436,209.30481562722252,211.8307404302917,70122700
2024-06-17,214.62413024902344,216.88260054537645,210.71143044440285,211.35528688913016,93728300
2024-06-18,212.2665863037109,216.5656178731208,210.9887736209857,215.5354294813442,79943300
2024-06-20,207.7001495361328,212.21710574149463,206.87799987381808,211.91002013114704,86172500
2024-06-21,205.5308074951172,209.88925500861836,205.1543907600995,208.4034185679189,241805100
2024-06-24,206.17465209960935,210.69159220230492,204.63928484253907,205.75861973380412,80727000
2024-06-25,207.0959014892578,209.3840873125504,206.64023830581655,207.1751328027417,55549700
2024-06-26,211.2364044189453,212.8312027309874,208.65104852463384,209.5029286499739,66213200
2024-06-27,212.07839965820312,213.70291360533915,210.34492376459477,212.6628250462321,49772700
2024-06-28,208.63121032714844,214.02976065195503,208.3142397951316,213.73259038682784,82542700
2024-07-01,214.703369140625,215.4561875080808,209.91897391071572,210.0873668962765,60402900
2024-07-02,218.1901397705078,218.29910171758144,213.068958487467,214.1090319376032,58046200
2024-07-03,219.45802307128903,219.45802307128903,216.96181387179612,217.92265588190668,37369800
2024-07-05,224.20281982421875,224.3117817727132,219.5571019247804,219.5571019247804,60412400
2024-07-08,225.66883850097656,225.69855401964364,221.1419830377085,224.94572057418637,59085900
2024-07-09,226.5207061767578,227.23390886254344,224.23252052432463,225.7777879719569,48076100
2024-07-10,230.7801055908203,230.8791673967792,227.0853299721382,227.13486087511765,62627700
2024-07-11,225.42120361328125,230.19568345608252,223.63819688403007,229.2051258414663,64710600
2024-07-12,228.36312866210935,230.4433055423661,226.5206910327904,226.75843028372813,53046500
2024-07-15,232.1867218017578,234.99000194235265,230.88909361652625,234.2470836578572,62631300
2024-07-16,232.6027374267578,234.03904289009893,230.1362436193629,232.7810305355119,43234300
2024-07-17,226.7188415527344,229.2744821236097,224.4999869579788,227.2834515580279,57345900
2024-07-18,222.06320190429688,228.26410233218343,220.17124832102243,228.10560948409145,66034600
2024-07-19,222.1919708251953,224.65846466815103,221.17169771561296,222.6971648700337,49151500
2024-07-22,221.8453063964844,225.62922890399747,220.98351093014816,224.86649525231948,48201800
2024-07-23,222.8853759765625,224.7971601400939,220.57737479075328,222.25141967209163,39960300
2024-07-24,216.4764709472656,222.67737176080064,215.07979609138368,221.88492258576645,61777600
2024-07-25,215.4364013671875,218.76467587085637,212.5934904670528,216.86279177043605,51391200
2024-07-26,215.90196228027344,217.41751434744816,213.97036267942912,216.6349653026102,41601300
2024-07-29,216.17930603027344,217.22929471632008,213.7128120512828,214.91139345300465,36311800
2024-07-30,216.7340240478516,218.2495760935564,214.0793215979517,217.1203409396055,41643800
2024-07-31,219.9830322265625,221.70660788092644,218.5467267386139,219.34907597117163,50036300
2024-08-01,216.29815673828125,222.36036437427163,214.97081319041695,222.2514024343897,62501000
2024-08-02,217.7840118408203,223.4698183577824,215.6543188775265,217.0807092384795,105568600
2024-08-05,207.2940216064453,211.48407659683,194.14931622004067,197.210135996183,119548600
2024-08-06,205.2732696533203,208.0072186015693,199.17144565753836,203.3615005314145,69660500
2024-08-07,207.83880615234372,211.62272838414276,204.441185671316,204.9463646139573,63516400
2024-08-08,211.2958526611328,212.17744837655164,206.8581585633277,211.097744151489,47161100
2024-08-09,214.19821166992188,214.7331062003749,209.9685258775167,210.09730322074367,42201600
2024-08-12,215.72543334960935,217.68900361003637,213.81145133020567,214.27755355785243,38028100
2024-08-13,219.4344024658203,220.04925425523973,217.19314118814532,217.19314118814532,44155300
2024-08-14,219.8806610107422,221.17979111862687,217.8774142480331,218.7402072098891,41960600
2024-08-15,222.8557586669922,223.48053712623224,220.9120118672479,222.7367590108339,46414000
2024-08-16,224.1747283935547,224.94825642777528,221.79462933024132,222.0623936904576,44340200
2024-08-19,224.0160675048828,224.115243980586,221.1897044016044,223.84747960195196,40687800
2024-08-20,224.63092041015625,225.28544883578485,223.5797163441377,223.8970689622142,30299000
2024-08-21,224.5218048095703,226.08869912173637,223.1830133382552,224.6408195928589,34765500
2024-08-22,222.66734313964844,226.4457337259973,222.04256465043304,225.90029338876204,43695300
2024-08-23,224.95819091796875,226.3267476403601,222.4690186706249,223.7879871535285,38677300
2024-08-26,225.2953338623047,225.39451032680955,222.0326339780686,224.8788199493514,30602200
2024-08-27,226.1383209228516,226.95152567852384,223.02437015551797,224.1251624880706,35934600
2024-08-28,224.61106872558597,227.95310672511408,223.8077756875659,226.0291983356657,38052200
2024-08-29,227.8837127685547,230.98775191089825,226.9812734022471,228.1911537968638,51906300
2024-08-30,227.1002655029297,228.4886453526855,225.59287085733376,228.28039594132483,52990800
2024-09-03,220.92193603515625,227.10024860517052,219.33520335446548,226.65398476754007,50190600
2024-09-04,219.0178680419922,219.94014563997789,215.67581475954933,219.82114598403248,43840200
2024-09-05,220.53517150878903,223.60944526365165,219.6823053430495,219.79139340374425,36615400
2024-09-06,218.98812866210935,223.37145940933704,217.946836225884,222.09215251756703,48423000
2024-09-09,219.07736206054688,219.43437615112032,214.91220775865924,218.9881123209545,67180000
2024-09-10,218.28402709960935,219.64265710486697,214.9320618304677,217.10389659918584,51591000
2024-09-11,220.81283569335935,221.23926118740863,216.08240296027677,219.62279381512943,44587100
2024-09-12,220.92193603515625,221.6954640556368,217.99641184157417,220.65417167969628,37455600
2024-09-13,220.65419006347656,222.18140791181287,220.0690882024533,221.725232442346,36766600
2024-09-16,214.52545166015625,215.41797935337752,212.14535259122516,214.7436126542421,59357400
2024-09-17,214.9915313720703,215.10061943149995,212.7205355758407,213.96016573653907,45519300
2024-09-18,218.85919189453125,220.8624385201308,215.7353147340035,215.745241460142,59894900
2024-09-19,226.97134399414065,227.91347512552952,222.76652771175563,223.1235418425436,66781300
2024-09-20,226.306884765625,231.1563174701668,225.7316945408236,228.0622053540531,318679900
2024-09-23,224.5912322998047,227.54650632766104,223.9367039516944,225.454010038184,54146000
2024-09-24,225.48377990722656,227.4473651253421,223.85738561877668,226.75316007712863,43556100
2024-09-25,224.4920959472656,225.4044620808924,222.1615999382144,223.0640393442997,42308700
2024-09-26,225.63253784179688,226.6044036950252,223.54004142995944,225.41436171300208,36636700
2024-09-27,225.90028381347656,227.6159429044405,225.41435845997736,226.56473891662023,34026000
2024-09-30,231.06707763671875,231.06707763671875,227.74486252768645,228.13162655878588,54541900
2024-10-01,224.3334197998047,227.74486962890148,221.88390914906276,227.6159583693189,63285000
2024-10-02,224.8986968994141,225.4837987967651,221.16989422947796,224.01608068964856,32880600
2024-10-03,223.79786682128903,224.92840891217836,221.4673712198949,223.27226484855484,34044200
2024-10-04,224.91851806640625,226.10856009308668,222.27066963907552,226.00938361911108,37245100
2024-10-07,219.85089111328125,223.81770763530983,219.4938770210105,222.63757729885364,39505400
2024-10-08,223.8970489501953,224.10529834651464,221.39795026893304,222.4392426471427,31855700
2024-10-09,227.63575744628903,227.84402197002447,222.96483950692257,223.36151510273743,33591100
2024-10-10,227.13992309570312,227.59611368544336,225.285441085757,225.89038125247492,28183500
2024-10-11,225.6623077392578,227.5068782710055,225.45404318616428,227.3977901969481,31759200
2024-10-14,229.38119506835935,229.80762063057296,226.70359663127624,226.8027579765277,39882100
2024-10-15,231.91001892089844,235.51982138099223,230.4422859002264,231.672004479983,64751400
2024-10-16,229.8571929931641,230.19436878170097,227.93328446814013,229.6786935047168,34082200
2024-10-17,230.22413635253903,231.91004568892728,228.6076687095473,231.49351658619665,32993800
2024-10-18,233.0504608154297,234.22066437649204,232.0686683201459,234.22066437649204,46431500
2024-10-21,234.5182037353516,234.88514457730523,232.5050454306036,232.5050454306036,36254500
2024-10-22,233.90335083007807,234.26036494372264,230.67040061866737,231.94969236544068,38846600
2024-10-23,228.84564208984372,233.1893110689752,225.87052966736016,232.1381071008503,52287000
2024-10-24,228.65725708007807,228.9051831435476,226.51517225997247,228.0721400698136,31109500
2024-10-25,229.490234375,231.28521625722823,227.66550258229745,227.834090452386,38802300
2024-10-28,231.4637451171875,232.78271346714027,230.6208056596869,231.38442210065008,36087100
2024-10-29,231.7315368652344,232.38606532055925,230.39274516902225,231.1662732954221,35417200
2024-10-30,228.1911163330078,231.5331542618632,227.6456760590484,230.68028814227296,47070900
2024-10-31,224.0359039306641,227.92338265648337,223.5003751779276,227.43744214117888,64370100
2024-11-01,221.06077575683597,223.4805363045207,218.44267740554844,219.1368672842602,65276700
2024-11-04,220.1682281494141,220.94175615916865,217.88732075932975,219.15670083339904,44944500
2024-11-05,221.59629821777344,222.09215031274817,219.3054639601429,219.9599923572388,28111300
2024-11-06,220.87234497070312,224.19455985797964,219.3550388628842,220.76325691115125,54561100
2024-11-07,225.5928955078125,225.98958631695007,222.70704742389805,222.76654726221693,42137700
2024-11-08,225.3248443603516,227.0125934634729,224.7788038758212,225.5333229051735,38328800
2024-11-11,222.61448669433597,224.07389700260043,219.90415975706796,223.3789433198207,42005600
2024-11-12,222.61448669433597,223.96468891324545,221.75075962779928,222.93218846295187,40398300
2024-11-13,223.49807739257807,225.0170530189228,221.1550798335016,222.3960739824012,48566200
2024-11-14,226.57574462890625,227.22105551450989,223.3789425502784,223.398802697962,44923900
2024-11-15,223.37890625,225.28507109880448,222.6541700402896,224.7688133849038,47923700
2024-11-18,226.37718200683597,228.08479108540536,223.54770942404784,223.62713486361545,44633700
2024-11-19,226.6352996826172,228.5017596103349,225.0269762165604,225.34466282087317,36211800
2024-11-20,227.35012817382807,228.27342054954684,224.26253412411583,226.41689814964724,35169600
2024-11-21,226.87356567382807,228.50174921258224,224.08381355701644,227.2309725554499,42108300
2024-11-22,228.21383666992188,229.0577186823492,226.4168797117104,226.4168797117104,38168300
2024-11-25,231.19224548339844,231.56951255942457,228.08480637706973,229.7924155701237,90152800
2024-11-26,233.36643981933597,233.8727750720934,231.64890834638587,231.64890834638587,45986200
2024-11-27,233.2373962402344,233.99193037541465,232.125470334311,232.780718878382,33498400
2024-11-29,235.6201019287109,236.0966394139658,232.28430923422,233.11825362062933,28481400
2024-12-02,237.86380004882807,239.05515126765505,235.4513149668676,235.56052304560976,48137100
2024-12-03,240.9017639160156,241.01097200063165,237.1787816889052,238.08222901174216,38861000
2024-12-04,241.25917053222656,242.35125137710352,239.51185632927687,241.12017980186528,44383900
2024-12-05,241.28895568847656,242.7781485930641,240.38552350615552,242.2321233137982,40033900
2024-12-06,241.09039306640625,242.867505033938,240.33587413565132,241.15989600483465,36870600
2024-12-09,244.9722442626953,245.4587194212017,240.0082676818909,240.08769312504637,44649200
2024-12-10,245.98486328125,246.42169557945556,243.57236314301568,245.1111986848389,36914800
2024-12-11,244.71409606933597,248.9930409884295,244.48574226451257,246.17350623578653,45205800
2024-12-12,246.1735076904297,246.9478867446912,243.90992066775823,245.11120954102955,32777500
2024-12-13,246.34230041503903,247.4939314395242,244.46591792091505,246.0345362986312,33155300
2024-12-16,249.23130798339844,249.56886987487528,245.86573275817128,246.2032946496481,51694800
2024-12-17,251.6537170410156,252.00120141225344,247.98037791856115,248.2782195012147,51356400
2024-12-18,246.2628936767578,252.4480045680384,245.9551295369763,250.343283238806,56774100
2024-12-19,247.9903259277344,250.184410158509,245.3097817058068,245.71683140567848,60882300
2024-12-20,252.656494140625,253.1628143156686,243.91989202858784,246.2529520123801,147495300
2024-12-23,253.4308624267578,253.80811434244583,251.6239676953758,252.93446477293037,40858800
2024-12-24,256.3397521972656,256.34965954757746,253.45069916161225,253.64927033575188,23234700
2024-12-26,257.1538391113281,258.2260750496306,255.7738693378932,256.32983230675023,27237100
2024-12-27,253.74853515625,256.836144148833,251.2367643772991,255.97238682838488,42355300
2024-12-30,250.38296508789065,251.673601973938,248.9434149702759,250.4127477342041,35557500
2024-12-31,248.6158142089844,251.4552095671021,247.6329413411861,250.62126509380025,39480700
2025-01-02,242.09312438964844,247.3052993793268,240.0777512722144,247.13651085819407,55740700
2025-01-03,241.60665893554688,242.4207431843357,240.14724866814672,241.60665893554688,40244100
2025-01-06,243.23483276367188,245.54804748087852,241.4477983095151,242.549801627174,45045600
2025-01-07,240.46495056152344,243.78088314896328,239.61114601786815,241.22939201717415,40856000
2025-01-08,240.95138549804688,241.95411831821167,238.32048434869316,240.17700647488417,37628900
2025-01-10,235.14358520507807,238.42973539672147,231.3213170399406,238.28080700459316,61710900
2025-01-13,232.71121215820312,232.9792711307645,228.06493742769467,231.84748509521597,49630700
2025-01-14,231.59927368164065,234.41880854341963,230.7951119565212,233.0586839045808,39435300
2025-01-15,236.15618896484372,237.2383472440859,232.74097105897863,232.94946471611047,39832000
2025-01-16,226.6154327392578,236.29518618874627,226.38709407905125,235.63995285298608,71759100
2025-01-17,228.32305908203125,230.6164138035219,226.833866130533,230.44764042021455,68488300
2025-01-21,221.0359344482422,222.8031087860845,217.79942737812888,222.38613659782595,98070400
2025-01-22,222.2173614501953,222.5052654056773,218.2064601780486,218.2064601780486,64126500
2025-01-23,222.0485992431641,225.394314538592,220.69839703644928,223.1208199792776,60234800
2025-01-24,221.1749267578125,224.00439930767484,219.81480209957203,223.160517277336,54697900
2025-01-27,228.20388793945312,230.4773821092222,222.3662477593532,222.40596804769277,94863400
2025-01-28,236.54339599609372,238.4594987479956,229.147074251248,229.1867945454765,75707600
2025-01-29,237.63548278808597,238.1318804363608,232.32402189200357,232.43322998057815,45486100
2025-01-30,235.8782196044922,239.05516137192973,235.500967711044,236.95044029141235,55658300
2025-01-31,234.29969787597656,245.4090800423025,231.7581442550369,245.4090800423025,100959800
2025-02-03,226.36724853515625,230.15973381299625,224.0738938399255,228.33299411580023,73063300
2025-02-04,231.1227569580078,231.4503812363357,225.01705656002383,225.6127398204117,45067300
2025-02-05,230.79510498046875,230.9936609938165,226.62536810475493,226.88348940722173,39620300
2025-02-06,231.5397186279297,232.1155417136993,228.7698112868805,229.62361584180036,29925300
2025-02-07,225.989990234375,232.31409120281864,225.6226456863809,230.9241838961893,39707200
2025-02-10,226.25833129882807,229.1803610121675,225.81108525741095,228.1666073624245,33115600
2025-02-11,231.1979522705078,233.79199753404615,226.7354100570617,226.80497424991785,53718400
2025-02-12,235.42198181152344,235.5114431570428,229.2698195612854,229.7866449882993,45243300
2025-02-13,240.05349731445312,240.85854326211725,234.12993999243653,235.46174477414044,53614100
2025-02-14,243.10472106933597,244.04891051069436,239.51678905976664,239.77519417214083,40896200
2025-02-18,242.9755096435547,243.6811607859394,240.36158248040348,242.6574585849239,48822500
2025-02-19,243.37306213378903,244.5060925083624,241.6735241546838,243.16435439309652,32204200
2025-02-20,244.3272247314453,245.27141427762965,242.79663037338943,243.44266597431312,32316900
2025-02-21,244.0489196777344,247.16972378813352,243.7209351965304,244.44646835255205,53197400
2025-02-24,245.5894470214844,247.33868242018207,242.92582237394555,243.43269920852308,51326400
2025-02-25,245.52978515625,248.4716967182176,243.4128166127568,246.48392314447185,48013300
2025-02-26,238.89064025878903,243.48239258336395,237.66816369812489,242.83637220684057,44433600
2025-02-27,235.84934997558597,240.9778097055873,235.61081167459412,237.94645181292125,41153600
2025-02-28,240.3615875244141,240.61005923211764,228.7927454203557,235.5014815283524,56833400
2025-03-03,236.5748748779297,242.5381957053339,234.66661403302143,240.3118838035197,47184000
2025-03-04,234.4877166748047,238.6024227827577,233.2453581153048,236.25684921580157,53798100
2025-03-05,234.29888916015625,235.1039350742086,227.82867612475383,233.98083809185871,47227600
2025-03-06,233.8914031982422,236.4059358119138,231.73467047090972,233.00684447444675,45170400
2025-03-07,237.6085357666016,239.89446338205195,233.3248707174565,233.6727371800736,46273600
2025-03-10,226.08938598632807,234.71633209649931,222.84932017741133,234.10011191080184,72071200
2025-03-11,219.48995971679688,224.4593937721428,216.1206840338927,222.4418047589131,76137400
2025-03-12,215.65354919433597,220.39439337943787,213.5962114465992,218.79423505763876,62547500
2025-03-13,208.398193359375,215.5144270476188,207.14590135231947,214.62986833256545,61368300
2025-03-14,212.18490600585935,212.6420854575803,208.2988048386841,209.9585940343847,60107600
2025-03-17,212.6918029785156,213.90434624612,208.6864398646377,212.00601857046763,48073400
2025-03-18,211.38980102539065,213.83475423543345,210.19713981325924,212.85081593904235,42432400
2025-03-19,213.9241943359375,217.42266485537365,212.4432975855824,212.91042558181823,54385400
2025-03-20,212.7911834716797,216.16045933121796,210.92267131595003,212.6818553101102,48862900
2025-03-21,216.9356842041016,217.5021918152461,209.9884097524224,210.26669685360037,94127800
2025-03-24,219.3806304931641,220.1260455978378,217.24377992596973,219.6489841771892,44299500
2025-03-25,222.3822021484375,222.73006864258363,218.734638909596,219.42042332259135,34493600
2025-03-26,220.1757354736328,223.64440576884627,219.12221792138408,222.1436270366165,34466100
2025-03-27,222.4815673828125,223.61459773398053,219.21167130142223,220.0365991694977,37094800
2025-03-28,216.56793212890625,222.44180687800483,216.34927581514728,220.31488968867507,39818600
2025-03-31,220.77207946777344,224.24073468961828,214.908138255618,215.683368745432,65299300
2025-04-01,221.8255920410156,222.31258685550367,217.5618092777705,218.46624988397505,36412700
2025-04-02,222.5213165283203,223.8133724100327,219.66886624627367,219.9670353213626,35905900
2025-04-03,201.94786071777344,206.2215769781628,200.0197179050274,204.28348559152053,103419000
2025-04-04,187.2284240722656,198.658123727335,186.19477317599055,192.7047355778497,125910900
2025-04-07,180.3507232666016,192.96313526897592,173.55252535537636,176.1167553732534,160466300
2025-04-08,171.36599731445312,189.17645080422463,168.1756284888408,185.5587026760759,120859500
2025-04-09,197.6343994140625,199.38363475051756,170.83920418374143,170.89883496621582,184395900
2025-04-10,189.2559509277344,193.58929863014052,181.88131158917145,187.9142126464653,121880000
2025-04-11,196.93869018554688,198.32019241914816,184.9226007761468,184.96236474624945,87435900
2025-04-14,201.28195190429688,211.63825017625837,199.93026529720836,210.14742002868311,101352900
2025-04-15,200.904296875,202.26591707175376,198.57860517432977,200.6260097569118,51343900
2025-04-16,193.0823974609375,199.47308245703653,191.19400339685228,197.1473909296092,59732400
2025-04-17,195.7758331298828,197.61452992177487,193.2314851467638,195.9944894564487,52164700
2025-04-21,191.9791717529297,192.6152586778503,188.64964501381647,192.08849990403365,46742500
2025-04-22,198.5189514160156,200.35763286451956,194.7719939992729,194.92107095045927,52976400
2025-04-23,203.3492584228516,206.72846769395252,201.56025903470572,204.7406939661261,52929200
2025-04-24,207.09620666503903,207.5534013078127,201.69940812530305,203.6374845300284,47311000
2025-04-25,208.0006256103516,208.46775361357265,204.9394524859384,205.1084114199,38222300
2025-04-28,208.8553771972656,210.2070638884643,206.1917677806294,208.71623364812055,38743100
2025-04-29,209.9188232421875,210.94252536243695,207.09617339881703,207.4142244323549,36827600
2025-04-30,211.20095825195312,212.2743578831654,205.4065960245207,208.0205233254963,52286500
2025-05-01,212.0159454345703,213.2483553954001,207.62295230903425,207.80185982414437,57365700
2025-05-02,204.09466552734372,205.7246393133032,200.92416412992952,204.83013207172812,101010600
2025-05-05,197.6741485595703,202.85230555245,196.99831280299983,201.85841873478097,69018500
2025-05-06,197.2964630126953,199.42338015596505,195.81558138809012,196.9983091053983,51216500
2025-05-07,195.05029296875,198.2207944248892,192.0686324392914,197.9524407308952,68536700
2025-05-08,196.28271484375,198.82706269335063,193.4898801219913,196.5113045675241,50478900
2025-05-09,197.3163604736328,199.3140676367793,196.3324070058388,197.78348851905432,36453900
2025-05-12,209.776123046875,210.2538252478288,205.75556156059076,209.95526516858175,63775800
2025-05-13,211.90582275390625,212.37356332026263,207.99473291206183,209.4178474798385,51909300
2025-05-14,211.3087310791016,212.91098786371117,209.56714827780408,211.40824098508045,49325800
2025-05-15,210.43296813964844,211.93571508448807,208.53215118256117,209.9353730316401,45029500
2025-05-16,210.24388122558597,211.54759317457453,208.76105751069144,211.33859654598928,54737900
2025-05-19,207.77581787109372,208.47244800462508,203.27755371752323,206.9100072183761,46140500
2025-05-20,205.8650360107422,207.46729276724128,204.0438362053752,206.67113760639387,42496600
2025-05-21,201.11798095703125,206.0441693385156,199.74462882701684,204.1831685508297,59211800
2025-05-22,200.39149475097656,201.7748084903006,198.7394754118135,199.7446272097534,46742400
2025-05-23,194.33079528808597,196.7491001935844,192.5295034494263,192.7384848883374,78432900
2025-05-27,199.2470550537109,199.77450469366767,196.48041207123396,197.34623795139208,56288500
2025-05-28,199.4560089111328,201.7548957380012,198.9385057789635,199.6251894151235,45339700
2025-05-29,198.98825073242188,202.8296849960031,197.55517460719432,202.60079553265004,51396800
2025-05-30,199.8839263916016,200.98858794774708,195.8334956239364,198.41103419314425,70819900
2025-06-02,200.72984313964844,201.15778278546435,199.157440935848,199.31667499872813,35423300
2025-06-03,202.2923126220703,202.78990771325485,199.99342573046133,200.38154929416936,46381600
2025-06-04,201.844482421875,205.248031062868,201.1279442674136,201.93404589483336,43604000
2025-06-05,199.66500854492188,203.76518718349973,199.18730633012683,202.52119947175677,55126100
2025-06-06,202.93917846679688,204.7106157617459,201.07817770068,202.0236053289331,46607700
2025-06-09,200.48106384277344,205.0091823144686,199.05794913802785,203.4069254763425,72862600
2025-06-10,201.69520568847656,203.3671332010972,199.6053152794484,199.6351697720489,54672600
2025-06-11,197.82388305664065,203.51637153393744,197.4556675860525,202.52118145308685,60989900
2025-06-12,198.24188232421875,198.7195693623348,196.4107360236097,198.12246436103905,43904600
2025-06-13,195.50509643554688,199.4062398916536,194.758703844025,198.7693188209708,51447300
2025-06-16,197.46563720703125,197.7343428123237,195.61458283187795,196.3510290449251,43020700
2025-06-17,194.6989898681641,197.43576263348731,194.27106541566712,196.2514839890114,38856200
2025-06-18,195.63450622558597,196.61975006530375,194.1317743759745,194.9975850565336,45394700
2025-06-20,200.03321838378903,200.7298484455588,195.9131318065836,197.28649906078425,96813500
2025-06-23,200.53082275390625,201.3269779408771,198.00304635957568,200.6602023375907,55814300
2025-06-24,199.3365936279297,202.46149014710028,199.23706853700068,201.61557243039425,54064000
2025-06-25,200.59051513671875,202.6903668657116,199.65503400834336,200.4810436177515,39525700
2025-06-26,200.03321838378903,201.66532960796235,198.50063224789568,200.4611428555203,50799100
2025-06-27,200.11282348632807,202.2425296541318,199.03801637565212,200.91892502298623,73188600
2025-06-30,204.18316650390625,206.3924899085516,198.3015889216639,201.03836190454115,91912800
2025-07-01,206.8204345703125,209.17903048404247,205.14850713857425,205.6759567295316,78788900
2025-07-02,211.418212890625,212.313878014992,207.13889190503232,207.90519262679368,67941800
2025-07-03,212.5228729248047,213.6175730473592,210.7912364882436,211.12959751601144,34955800
2025-07-07,208.94017028808597,215.18996325511677,207.7957076824449,211.65703516300363,50229000
2025-07-08,208.99989318847656,210.4130614823681,207.44739887083225,209.08947184941584,42848900
2025-07-09,210.12445068359372,210.31353924447487,206.22330706177223,208.52219391164948,48749400
2025-07-10,211.3883514404297,212.45319704499605,209.0197939340788,209.49748097232364,44443600
2025-07-11,210.1443634033203,211.10969909895368,208.8506131239295,209.55720483784356,39765800
2025-07-14,207.6165771484375,209.8955712375241,206.54176989733165,208.92027389637036,38840100
2025-07-15,208.10423278808597,210.8708604550018,207.915144211828,208.2137043224775,42296300
2025-07-16,209.1491851806641,211.37840160704656,207.63649175890595,209.28851120731295,47490500
2025-07-17,209.0098419189453,210.78127919114968,208.5819022531988,209.5571995447156,48068100
2025-07-18,210.16424560546875,210.77131219576944,208.69136845628208,209.8557390930104,48974600
2025-07-21,211.4579925537109,214.74212298846783,210.61209006251647,211.07983063398711,51377400
2025-07-22,213.3687744140625,213.9161320652676,211.20921348603292,212.11484021935428,46404100
2025-07-23,213.11996459960935,214.1151547498488,211.38834345684663,213.96588230147148,46989300
2025-07-24,212.73182678222656,214.6525515397873,212.5029373149323,212.87115278650077,46022600
2025-07-25,212.85128784179688,214.20474714033003,212.37358560556336,213.66733592091677,40268800
2025-07-28,213.0204620361328,213.8166172208377,212.03521828670327,213.00055398053095,37858000
2025-07-29,210.2538299560547,213.7767964509494,209.80599741985404,213.14982178903043,51411700
2025-07-30,208.04449462890625,211.3684259373732,206.720889966108,210.88077731884883,45512500
2025-07-31,206.57162475585935,208.8306954413449,206.16359315375277,207.48719786288635,80698400
2025-08-01,201.40658569335935,212.5527122409286,200.5308135095244,209.85574027592585,104434500
2025-08-04,202.37191772460935,206.8801277700508,200.70993685491413,203.5263267271778,75109300
2025-08-05,201.94400024414065,204.35235878558623,201.18766113385615,202.42168730403617,44155100
2025-08-06,212.22430419921875,214.3440641251077,204.60114383647723,204.6409599471833,108483100
2025-08-07,218.9716796875,219.78774287041324,215.5382768294147,217.8272171299369,90224800
2025-08-08,228.2468719482422,229.88892965735025,218.1954451401473,219.7678474336444,113854000
2025-08-11,226.3438873291016,228.71513292468896,223.9327956372812,227.08116933177635,61806100
2025-08-12,228.80479431152344,229.95057099439725,226.23430307406312,227.1708307452597,55626200
2025-08-13,232.4712371826172,234.1350889692748,229.5819014312059,230.21956052334863,69878500
2025-08-14,231.92327880859372,234.25466305951576,230.0003892485326,233.1985666998313,51916300
2025-08-15,230.73765563964844,233.417757832359,228.4959365092947,233.1387895567921,56038700
2025-08-18,230.0402374267578,232.26202593201924,229.26310933608104,230.8472538899505,37476200
2025-08-19,229.71145629882807,232.0129522601839,228.50591803460907,230.42880766374827,39402600
2025-08-20,225.17819213867188,229.6217843388592,224.939085159242,229.13358225147155,42263900
2025-08-21,224.07228088378903,225.68632903786573,222.9564077521854,225.4372491279448,30621200
2025-08-22,226.9217529296875,228.2468598588307,224.58041092619504,225.33760837029212,42477800
2025-08-25,226.323974609375,228.456098045362,225.3973894325087,225.6464693442017,30983100
2025-08-26,228.46603393554688,228.64537936019505,223.8630424721864,226.03501179732245,54575100
2025-08-27,229.64170837402344,230.05018785299507,227.41990473660533,227.76862267507164,31259500
2025-08-28,231.7040863037109,232.55096405412047,228.4959359400532,229.9704999102399,38074700
2025-08-29,231.2856292724609,232.52107103838583,230.51845893056876,231.65426265633036,39418400
2025-09-02,228.87454223632807,230.00038826150748,226.1346633063032,228.4062708029861,44075600
2025-09-03,237.59234619140625,237.9709525201245,233.49747185558655,236.33698891571112,66427800
2025-09-04,238.8975067138672,239.0170601981439,235.8687018920251,237.5723998534893,47549400
2025-09-05,238.80784606933597,240.43185187342493,237.61226559630575,239.1167027112504,54870400
2025-09-08,237.0045166015625,239.2661511981365,235.4701758698508,238.41928864081729,48999500
2025-09-09,233.48751831054688,237.901207105354,232.5011563745861,236.12775932745956,66313900
2025-09-10,225.9553375244141,231.56462228661687,225.1184326270808,231.33547301291117,83440800
2025-09-11,229.18341064453125,229.60186307827533,225.81584532196928,226.04500979013488,50208600
2025-09-12,233.2085418701172,233.6469097348115,228.17712472443904,228.37638560886936,55824200
2025-09-15,235.828857421875,237.31337916896248,234.16500543557729,236.12775635652343,42699500
2025-09-16,237.27349853515625,240.33220689969465,235.45024710789585,236.30706734003456,63421100
2025-09-17,238.1104431152344,239.21635855568803,236.8550706028844,238.09051246512183,46508000
2025-09-18,237.0045166015625,240.31228984200703,235.77903252032195,239.08682096339743,44249600
2025-09-19,244.5964508056641,245.3935094903633,239.32592704772568,240.342162048153,163741300
2025-09-22,255.13751220703125,255.69547916115812,247.2068166293636,247.38616206443075,105517400
2025-09-23,253.4936065673828,256.3929004583055,252.64674396870495,254.93828225227924,60275200
2025-09-24,251.3813934326172,254.7987775332095,250.11606329601625,254.28068708944184,42303700
2025-09-25,255.9246063232422,256.22352044118514,250.7836088309123,252.27808820484515,55202100
2025-09-26,254.51980590820312,256.6519291955366,252.84598111295836,253.1648106749593,46076300
2025-09-29,253.4936065673828,254.06151607705357,252.07883445903423,253.6231329894407,40127700
2025-09-30,253.6928558349609,254.97810138533345,252.1784458386236,253.9220050782957,37704300
2025-10-01,254.5098419189453,257.83756097799323,253.9917514638179,254.10134722927504,48713900
2025-10-02,256.1836853027344,257.22980880920034,253.21464169746508,255.63569123318152,42630200
2025-10-03,257.07037353515625,258.2858846694617,253.01536064819075,253.73271197999827,49155600
2025-10-06,255.7452850341797,258.1165305885388,254.1113214696764,257.0404883747525,44664100
2025-10-07,255.53607177734372,256.45266881763376,254.48991791397023,255.86484387966763,31955800
2025-10-08,257.1102294921875,257.5685279874928,255.16739414069707,255.5758888188916,36496900
2025-10-09,253.1050262451172,257.0504585775582,252.2083446799687,256.8611554198282,38322000
2025-10-10,244.3673095703125,255.436420799504,243.10197943699816,254.00171816056968,61999100
2025-10-13,246.7485198974609,248.7710475029622,244.6562426215344,248.46219085423505,38142900
2025-10-14,246.85812377929688,247.9341508249242,243.7994151584908,245.69243161385845,35478000
2025-10-15,248.4223175048828,250.8932009800968,246.55920477705152,248.57177456170203,33893600
2025-10-16,246.53929138183597,248.1234359576197,244.22783772705108,247.33635013275975,39777000
2025-10-17,251.36148071289065,252.4474806979352,246.3599669580113,247.1072067041429,49147000
2025-10-20,261.2748413085937,263.4069798400544,254.68918336894043,254.94822099113512,90483000
2025-10-21,261.8028869628906,264.3136317818121,260.86634411857244,260.9161783410852,46695900
2025-10-22,257.4988098144531,261.882609922878,254.4899051977633,261.6833338430701,45015300
2025-10-23,258.6246032714844,259.66078406832133,257.06040475940137,258.98329410338334,32754900
2025-10-24,261.8527526855469,263.1579290692685,258.2261343576155,260.2287466983284,38253700
2025-10-27,267.8207092285156,268.12956591820625,263.67601542509226,263.9051799132,44888200
2025-10-28,268.0099792480469,268.8967183092297,267.1631014853557,268.00000632210845,41534800
2025-10-29,268.7074279785156,270.4111261059245,266.126933268734,268.2889603375268,51086700
2025-10-30,270.4011535644531,273.131090148023,267.4919171420092,270.98897852374654,69886500
2025-10-31,269.3749389648437,276.29937269597025,268.16940070155243,275.9705701844509,86167100
2025-11-03,268.05975341796875,269.8531467885877,265.2700709373508,269.424736694289,50194600
2025-11-04,269.0461730957031,270.49081837885313,266.6350661079627,267.3424445625432,49274800
2025-11-05,269.14581298828125,270.7000692568828,265.94760492323326,267.6214146886098,43683100
2025-11-06,268.7771301269531,272.3937751745226,266.90407480138714,266.90407480138714,51204000
2025-11-07,267.48193359375,271.2878818962731,265.7881780523408,268.80702532983145,48227400
2025-11-10,268.6986083984375,272.9869540449525,266.7339548671466,268.2298830249396,41312400
2025-11-11,274.5028381347656,275.1610502271484,269.06761990152603,269.0776024957972,46208300
2025-11-12,272.7276306152344,274.9815052844664,270.9624464716027,274.2534760098269,48398000
2025-11-13,272.2090759277344,275.9488963676571,271.3513946141157,273.36590026791555,49602800
2025-11-14,271.6705322265625,275.21088338895913,268.8681625557137,270.3142081927936,47431300
2025-11-17,266.73394775390625,269.7557213346742,265.00866346949266,268.0902717401977,45018300
2025-11-18,266.7140197753906,269.9751321987233,264.59977951795884,269.2570854665072,45677300
2025-11-19,267.8309631347656,271.47104873805114,264.77927226211665,264.8091896065648,40424500
2025-11-20,265.5272521972656,274.68232536305425,265.1981613886433,270.0948061865016,45823600
2025-11-21,270.7530212402344,272.5880228442522,264.9488429624803,265.22808167538,59030800
2025-11-24,275.1710205078125,276.24807542504453,270.164627965921,270.164627965921,65585800
2025-11-25,276.2181396484375,279.6188865292943,274.5028075356392,274.52274228722064,46914200
2025-11-26,276.79656982421875,278.7712060098946,275.8790842359358,276.2081750495132,33431400
2025-11-28,278.093017578125,278.2426042891834,275.2407657367699,276.5073375714406,20135600
2025-12-01,282.3314819335937,282.650620542313,275.390384584981,277.255303275414,46587700
2025-12-02,285.4131164550781,286.619823290159,281.86278279875575,282.231773534172,53669500
2025-12-03,283.378662109375,287.8365294074879,282.5309633672564,285.4231155973949,43538700
2025-12-04,279.93804931640625,283.9571086251454,277.8337611056945,283.32881389666403,43989100
2025-12-05,278.02325439453125,280.3768640337961,277.2952250127556,279.7784866384076,47265800
2025-12-08,277.1356506347656,278.9108174051644,275.4003533668138,277.374989388386,38211800
2025-12-09,276.4275817871094,279.2698514894354,276.16830825817004,277.40493251311347,32193300
2025-12-10,278.02325439453125,278.9906225605669,275.6896099437804,276.99605153243056,33038300
2025-12-11,277.2752380371094,278.83100071126506,273.06669274298736,278.342340640522,33248000
2025-12-12,277.52459716796875,278.4620479370953,276.0685689150702,277.14562382282355,39532900
2025-12-15,273.3658752441406,279.3894873363706,272.0993337942639,279.3894873363706,50409100
2025-12-16,273.8645324707031,274.752131096348,271.0522107383373,272.07941349564567,37648600
2025-12-17,271.10205078125,275.41033087528734,270.9026119684932,274.2634587890498,50138700
2025-12-18,271.4511108398437,272.8872042261758,266.22534517191764,272.86723904028526,51630700
2025-12-19,272.9271240234375,273.8545921928022,269.1673383776201,271.4112306527045,144632000
2025-12-22,270.2344665527344,273.1365711538121,269.775723721713,272.1193204151364,36571800
2025-12-23,271.62066650390625,271.7603010837797,268.8282792538215,270.1048034873943,29642000
2025-12-24,273.0667419433594,274.6823395934045,271.46112688748974,271.60073103225574,17910600
2025-12-26,272.6578063964844,274.6224597374741,272.11926379011726,273.4157529954652,21521800
2025-12-29,273.0168762207031,273.6152231466168,271.6107000753325,271.9497734782625,23715200
2025-12-30,272.33868408203125,273.3359694836473,271.54086793463244,272.06942798009953,22139600
2025-12-31,271.1220092773437,272.9370761103812,271.0123224859311,272.3187639976345,27293600
2026-01-02,270.2743225097656,277.0857683126949,268.2697691424855,271.5209292436992,37838100
2026-01-05,266.5345153808594,270.7729784841199,265.41756056202854,269.9053450243044,45647200
2026-01-06,261.6477966308594,266.82371056256306,261.40845786144683,266.27521573774703,52352100
2026-01-07,259.623291015625,262.964203143993,259.1047135716701,262.48552563718374,48309800
2026-01-08,258.3368530273437,258.5861744106298,255.005907781442,256.32231677215987,50419300
2026-01-09,258.6659240722656,259.5036402038468,255.52448097015204,258.3767027680543,39997000
2026-01-12,259.54351806640625,260.5906555331263,256.1028713590674,258.45648066308013,45263800
2026-01-13,260.3413391113281,261.0992857475004,257.6885867541948,258.0176775418968,45730800
2026-01-14,259.2543334960937,261.10930037675524,256.0131555781144,258.78560808748875,40019400
2026-01-15,257.5090637207031,260.3313985459844,256.35220896361545,259.9424426175537,39388600
2026-01-16,254.8363494873047,258.1971965798445,254.2379721311412,257.1999111311508,72142800
2026-01-20,246.0303192138672,254.09835490933511,242.75922413209136,252.04394930256512,80267500
2026-01-21,246.97775268554688,250.8771427168815,244.51445623630568,248.02490552393743,54641700
2026-01-22,247.67584228515625,250.31864258405668,247.47637302553755,248.52352576906395,39708300
2026-01-23,247.3666839599609,248.7329754164565,244.01580413580567,246.6486524137701,41689000
2026-01-26,254.7166748046875,255.863546959882,249.12190294519743,250.7973351598156,55969200
2026-01-27,257.5688781738281,261.23891141767155,257.50904348719195,258.4664593428383,49648300
2026-01-28,255.74388122558597,258.1572949521919,253.81911240916085,256.9505880888889,41288000
2026-01-29,257.5788879394531,258.94516415300217,253.7193980705993,257.29964922744847,67253000
2026-01-30,258.775634765625,261.1890484668085,251.4954328536096,254.47732177254832,92443400
2026-02-02,269.2770690917969,269.7557466562268,258.50636737104884,259.3241487899344,73913400
2026-02-03,268.7485046386719,271.1419837262723,266.88355520832346,268.4692659190308,64394700
2026-02-04,275.73944091796875,278.19278500760885,271.5508603406617,271.5508603406617,90545700
2026-02-05,275.1610107421875,278.7412615768201,272.48829324857786,277.3749854862336,52977400
2026-02-06,277.3650207519531,280.14745564173626,276.1782486476445,276.3677353153735,50453400
2026-02-09,274.1307983398437,277.70443813431814,271.2160169672847,277.41494619870406,44623400
2026-02-10,273.19244384765625,274.87943562430115,272.4537718732244,274.4003102195724,34376900
2026-02-11,275.0092163085937,279.6808719096702,273.9610989943363,274.2106536370846,51931300
2026-02-12,261.2637634277344,275.22883180172755,259.71650632997444,275.0990585104662,81077200
2026-02-13,255.3243560791016,261.7628783299504,254.9949421084194,261.5432690161623,56290700
2026-02-17,263.4099426269531,265.8156532326085,255.08478749757865,257.5903108294174,58469100
2026-02-18,263.8791198730469,266.3447212846438,261.9825104325609,263.1304558468116,34203300
2026-02-19,260.11578369140625,264.00886051677537,259.5867290635135,262.1322047157328,30845300
2026-02-20,264.1086730957031,264.2783836675007,257.7001265171608,258.50868117461044,42070500
2026-02-23,265.705810546875,268.95002088588865,262.91081074777924,263.0206001676805,37308200
2026-02-24,271.6552429199219,274.4003442568012,267.233111068832,267.38283777638213,47014600
2026-02-25,273.74151611328125,274.45024283739696,270.567157599074,271.29586819299504,33714300
2026-02-26,272.4637756347656,275.61811956353745,270.3175813011377,274.4602128097023,32345100
2026-02-27,263.7094116210937,272.3240439665745,262.4217314181026,272.3240439665745,72366500
2026-03-02,264.2484130859375,266.0551862059976,259.73647625260065,261.94253069595567,41827900
2026-03-03,263.2801818847656,265.08695529305965,259.6666350681776,263.0106738027697,38568900
2026-03-04,262.0523376464844,265.67587606267574,260.9543215497597,264.17854815272653,39803100
2026-03-05,259.8263244628906,261.09405110124777,256.79173142961054,260.3254337562426,49658600
2026-03-06,257.0013427734375,258.3090066542827,253.916851068475,258.16927189629365,41120000
2026-03-09,259.41705322265625,260.68477987096253,253.2280857512349,255.2345148744848,38218500
2026-03-10,260.3653564453125,262.01244158439727,256.4922936817907,257.19102845716964,30590800
2026-03-11,260.34539794921875,261.6630538494394,259.08763272962494,260.624897946549,26218900
2026-03-12,255.3043975830078,258.4887327594216,253.7272102811576,258.1992408199258,40794000
2026-03-13,249.6744384765625,255.87336762960535,249.0755164384504,255.024890934378,36930000
2026-03-16,252.36964416503903,253.43773019062647,249.4348789230203,251.66090222791988,32074200
2026-03-17,253.7771148681641,254.67552076289968,251.7307636559193,252.5093881906664,32361600
2026-03-18,249.4947662353516,254.48585937367065,248.5564382882904,252.1799767808244,35757900
2026-03-19,248.5165252685547,251.3814079598573,246.85947863088072,248.95572868612365,34864100
2026-03-20,247.54823303222656,248.75606899357115,245.56177255944445,247.53824109812177,88331100
2026-03-23,251.04200744628903,254.1464679788293,249.83415620831627,253.51758537106093,40546100
2026-03-24,251.1917266845703,254.3760464402864,249.10545347620703,249.9040313986812,45152300
2026-03-25,252.16998291015625,254.5457480998694,251.15181088451408,253.6473574345128,28476700
2026-03-26,252.43951416015625,256.5421934269488,250.32329549316128,251.67088153367663,41796700
2026-03-27,248.35679626464844,255.03488128462607,247.6281009352486,253.4477020992108,47900000
2026-03-30,246.19065856933597,250.4230956915925,245.07264337813007,249.62453299565456,39446200
2026-03-31,253.33790588378903,255.0248978486836,246.65983587287727,247.4683905467953,49598100
2026-04-01,255.1746368408203,255.7236449097363,252.8787309132899,253.6273948962928,40059400
2026-04-02,255.464111328125,255.6737439434535,250.20349485503917,253.7471740568136,31289400
2026-04-06,258.3988647460937,261.6930045642991,256.0031460821725,256.0530752925303,29329900
2026-04-07,253.0484161376953,255.7436185540334,245.2623079794448,255.7036812801697,62148000
2026-04-08,258.4388122558594,259.28730423338584,256.07303883918246,257.9896321241455,41032800
2026-04-09,260.0259704589844,260.6548530924392,255.61386101634736,258.5386343954405,28121600
2026-04-10,260.0159912109375,261.7229364827484,258.5585701252562,259.5168819122501,31291500
2026-04-13,258.73828125,259.71651601158027,256.2027973984465,259.2673359057164,36234700
2026-04-14,258.3689270019531,261.4634109961452,256.7318642110386,258.7881922504944,48370700
2026-04-15,265.95538330078125,266.08515659729386,257.35074355126085,257.7001261657452,49913500
2026-04-16,262.9307861328125,266.68409800240715,260.80457553569033,266.3247234477873,43323100
2026-04-17,269.7486267089844,271.8149160854778,266.24486962975914,266.4844323486072,61436200
2026-04-20,272.5635681152344,273.7913879220191,269.80850557942483,269.84841238867654,36590200
2026-04-21,265.69586181640625,272.3140256362382,264.9272139873882,271.0163536236942,50209800
2026-04-22,272.68341064453125,273.2523721409737,266.39461467279705,267.3429346055621,43249200
2026-04-23,272.9429016113281,275.2787294551341,271.1660737405759,274.56001085217736,33399600
2026-04-24,270.5771179199219,272.5735550213531,269.16962610782736,272.2741016414235,38157100
2026-04-27,267.1332702636719,267.88193422863776,264.59781690250213,265.6159889280984,41466800
2026-04-28,270.2277526855469,272.7432830913257,268.181416710472,271.8548539018017,40018900
2026-04-29,269.688720703125,270.5571659728108,266.56429174844374,267.07336249706583,30047900
2026-04-30,270.8666381835937,275.50834883767226,267.6623648300734,270.018146234023,91848200
2026-05-01,279.6409912109375,286.70836594964845,277.8741246788477,278.3632420760759,79915400
2026-05-04,276.3368225097656,280.13007120517506,274.3703307853319,279.16179801165765,46668400
2026-05-05,283.6737670898437,284.0630869835518,276.00745521106614,276.43668191704,49311700
2026-05-06,286.99786376953125,287.5169265187869,280.5693330033821,281.4178249779708,58336100
2026-05-07,286.927978515625,291.6096265406606,285.2709318587503,288.75470528792926,45224300
2026-05-08,292.7974853515625,294.2349225642168,289.48339230776435,289.49338424193445,52692800
2026-05-11,292.42779541015625,293.6267735875138,289.979924827367,291.72841688276577,42247300
2026-05-12,294.54595947265625,295.0155556946294,292.3078994315659,292.3078994315659,45748100
2026-05-13,298.6124572753906,300.6607090744109,293.24708951115105,293.24708951115105,52684300
2026-05-14,297.9530334472656,300.1911240450107,295.12548538387824,299.5616620172475,35324900
2026-05-15,299.9713134765625,302.93875555297063,296.26448829773227,297.643304079477,54862800
2026-05-18,297.5833435058594,300.4009207908792,294.6558756451712,299.98126929450746,34483000
2026-05-19,298.7123718261719,300.2510533099592,296.09463441963413,296.7140952726279,42243600
2026-05-20,301.98956298828125,302.5390768782648,297.82314269813475,297.9230626302997,38229800
2026-05-21,304.7271728515625,305.27671719779084,300.1411318265125,300.80056674721834,42965100
2026-05-22,308.55389404296875,311.13165741506583,305.5764509618376,305.85620846339293,43670200
2026-05-26,308.0643005371094,311.5513139598484,307.4048960873393,309.2932516306072,48000500
2026-05-27,310.5821533203125,312.9900803339556,308.0343323058515,308.0643052358437,50430900
2026-05-28,312.24072265625,312.5304508120942,309.30325358892543,310.412282475935,48220400
2026-05-29,311.7911071777344,314.7285763294451,309.2632884033746,311.5113496628706,70026800
2026-06-01,306.0460510253906,310.6720662449624,304.7571540774977,309.363197507879,48849900
2026-06-02,314.92840576171875,315.1781903378333,306.42572903356995,307.1950545511415,44534700
2026-06-03,309.9926452636719,316.6668815001487,308.5838566628498,313.9092501546009,50836700
2026-06-04,310.9618225097656,313.26982953176514,309.3831669286496,312.96009909963743,44869100
2026-06-05,307.0751647949219,314.8984348439246,306.8853260765596,312.5903972939029,65310500
2026-06-08,301.2801818847656,317.1265012321255,300.9105055796523,308.4739595974908,77949100
2026-06-09,290.29962158203125,300.4908444635933,287.5320194610898,300.0212482417878,70108800
2026-06-10,291.3287353515625,294.4960172141002,287.1323727394638,290.4894628291428,52793300
2026-06-11,295.375244140625,296.7440586571729,289.3404406054596,293.4668864344149,42572500
2026-06-12,290.879150390625,296.88398158337014,289.3704417369658,295.7749221682621,38742100
2026-06-15,296.1645812988281,297.5233947188816,291.4486474146935,293.8665449684006,45732600
2026-06-16,298.9821472167969,300.2210994929347,293.71669913987887,294.99559499590845,39874400
2026-06-17,295.6949768066406,301.8096980081642,294.10632015937927,300.59074812548096,42745100
2026-06-18,297.7532043457031,300.31099586682666,295.3652492546472,297.8530937792582,85962200
2026-06-22,296.75408935546875,302.1594314563154,296.5043047694293,297.05381866220307,44879900
2026-06-23,294.04638671875,301.3800886038737,293.9264950024863,297.2836155142734,52010900
2026-06-24,292.8274230957031,299.4417438827621,292.68755959702736,295.1054570720635,53081900
2026-06-25,274.91290283203125,288.55113481081804,273.5141152813601,287.1523472601469,107013700
2026-06-26,283.53546142578125,285.70360492137456,273.9737007161028,274.7630284991681,261775500
2026-06-29,281.4972229003906,288.12151489662153,279.6088673150861,286.4829438934296,66427000
2026-06-30,289.11065673828125,289.69017405322865,280.45814550695326,280.9277417485351,65100200
2026-07-01,294.1263427734375,296.33442991747245,288.95081360688545,293.1871503157195,50164200
2026-07-02,308.3640441894531,309.15337194761725,293.4269150966668,293.866538367699,75352800
2026-07-06,312.3905944824219,313.9292760509671,306.7354678654279,307.0951430290638,53590000
2026-07-07,310.3923034667969,315.2081573213481,309.88273318392555,315.0183186077797,42490000
2026-07-08,313.1199645996094,314.5487250421545,306.7854009831778,311.6412289475945,41323500
2026-07-09,315.947509765625,316.2572401947346,307.8944576262147,310.24243869469103,48124500
2026-07-10,315.0483093261719,316.6369356310425,311.9010296470402,314.4488202226986,34132300
2026-07-13,317.0365600585937,323.171283634363,315.5078797345754,316.7468014245228,43257800
2026-07-14,314.58868408203125,315.91755515351207,311.64124426456783,313.48965629761443,36336800
2026-07-15,327.2178039550781,328.44675508114506,317.0465830462295,317.34631234952286,60957600
2026-07-16,332.97283935546875,334.3915986652446,326.50841333986017,327.72736328456057,62970600
2026-07-17,333.452392578125,334.7013154010385,328.7164869908464,331.693929977533,63407100
2026-07-20,326.3085632324219,333.4224228207836,323.4010672140761,333.2226134619852,53468000
2026-07-21,327.45758056640625,329.3159936819017,321.94234806189104,322.85156758462244,41338900
2026-07-22,325.60919189453125,328.7164973399543,323.0613709608057,327.58746619388995,38755900
2026-07-23,321.3828430175781,323.0214140443725,319.0748358849152,321.4527900194849,40840800
2026-07-24,332.7330322265625,334.0818750563203,321.3428614810286,321.5127284115298,47489400
2026-07-27,336.61968994140625,339.277401491225,333.73216560461384,334.2517370375488,49604300
2026-07-28,339.78692626953125,342.59453283396704,335.31080637618777,339.73698155301014,51859000
2026-07-29,337.8985900878906,344.2730974331505,337.0593175600121,339.43727163464206,56090800
2026-07-30,333.1426696777344,334.4615395264105,329.30598233808786,332.8129674612056,74817800
2026-07-31,308.6438293457031,310.4222943774597,299.7415030462749,304.5473560391476,132489100
2026-08-03,303.1585693359375,311.5313230344714,302.29929450581176,309.313234694189,75052000
2026-08-04,309.1134033203125,310.1525156602479,301.0603512911937,302.46913991298527,68001000
2026-08-05,310.7320251464844,311.4414048335362,305.406631186344,309.09342362565195,49438800
2026-08-06,312.14080810546875,316.0174696892129,308.96355554648414,314.06913775687,46139900
2026-08-07,313.0599975585937,314.53873325457766,310.47223295908327,311.1816431226555,34437200
2026-08-10,308.260009765625,308.260009765625,304.6099853515625,306.8299865722656,44812500
2026-08-11,304.9100036621094,309.9700012207031,302.7900085449219,307.75,37476700
2026-08-12,302.25,305.6600036621094,300.57000732421875,305.1000061035156,41657800
2026-08-13,305.260009765625,306.0,302.04998779296875,304.2099914550781,40349300
